feed_timestamp,entity_id,trip_id,route_id,direction_id,timestamp,delay,vehicle_id
1769004918,74214852,74214852,34,1,1769004903.0,,y1666
1769004918,74360809,74360809,Blue,0,,,
1769004918,73909911,73909911,89,0,1769004903.0,,y1446
1769004918,73903007,73903007,110,0,1769004904.0,,y2057
1769004918,74214608,74214608,21,1,1769004906.0,,y1641
1769004918,74071513,74071513,436,0,1769004897.0,,y3124
1769004918,73850909,73850909,Red,1,1769004893.0,,R-5487871A
1769004918,74071602,74071602,455,1,1769004905.0,,y3314
1769004918,73870944,73870944,83,1,1769004872.0,,y1925
1769004918,74360536,74360536,Blue,0,1769004896.0,,B-54878E2D
1769004918,74071346,74071346,114,1,1769004901.0,,y3313
1769004918,73870827,73870827,64,0,1769004904.0,,y2101
1769004918,73602219,73602219,44,1,1769004906.0,,y1815
1769004918,73221086,73221086,Green-D,1,1769004914.0,,G-10086
1769004918,73257871,73257871,714,1,1769004905.0,,dLF 958
1769004918,74214841,74214841,34E,0,1769004908.0,,
1769004918,73601652,73601652,10,1,1769004889.0,,y1820
1769004918,74122426,74122426,216,1,1769004872.0,,y0828
1769004918,ADDED-1583474892,ADDED-1583474892,Green-C,0,1769004358.0,,G-10149
1769004918,74214006,74214006,31,0,1769004899.0,,y1623
1769004918,73766117,73766117,741,0,1769004903.0,,y1334
1769004918,73221184,73221184,Green-E,0,1769004909.0,,G-10035
1769004918,73870046,73870046,69,1,1769004905.0,,y2059
1769004918,73902727,73902727,104,1,1769004903.0,,y2082
1769004918,74213904,74213904,41,1,1769004906.0,,y1658
1769004918,73602711,73602711,10,0,1769004908.0,,y1747
1769004918,73220957,73220957,Green-D,0,1769004886.0,,G-10100
1769004918,73902135,73902135,96,0,1769004901.0,,y2084
1769004918,73766211,73766211,751,1,1769004903.0,,y1274
1769004918,74071473,74071473,120,1,1769004902.0,,y3331
1769004918,73584572,73584572,57,0,1769004895.0,,y3227
1769004918,73902049,73902049,93,0,1769004905.0,,y1407
1769004918,73869247,73869247,75,0,1769004893.0,,y1999
1769004918,73907487,73907487,91,1,1769004908.0,,
1769004918,73766159,73766159,741,1,1769004881.0,,y1337
1769004918,74071243,74071243,435,1,1769004901.0,,y3344
1769004918,73902793,73902793,104,0,1769004898.0,,y2042
1769004918,74122331,74122331,216,1,,,
1769004918,74122675,74122675,220,0,1769004904.0,,y0758
1769004918,74360564,74360564,Blue,1,1769004885.0,,B-54878E3F
1769004918,73869530,73869530,70,0,1769004908.0,,
1769004918,73908213,73908213,97,0,1769004902.0,,y1454
1769004918,73604044,73604044,1,1,1769004900.0,,y1862
1769004918,73869571,73869571,70,0,1769004908.0,,
1769004918,73869997,73869997,62,1,1769004900.0,,y2017
1769004918,74360802,74360802,Blue,1,,,
1769004918,73601326,73601326,22,1,1769004904.0,,y1781
1769004918,73908048,73908048,354,0,1769004906.0,,y1406
1769004918,73908890,73908890,430,0,1769004904.0,,y1412
1769004918,73221245,73221245,Green-E,1,1769004911.0,,G-10006
1769004918,73869611,73869611,70,0,1769004897.0,,y2033
1769004918,73868857,73868857,80,1,1769004898.0,,y2105
1769004918,73901536,73901536,92,0,1769004884.0,,y3136
1769004918,73851013,73851013,Red,0,1769004851.0,,R-5487805B
1769004918,73584033,73584033,60,0,1769004861.0,,y3205
1769004918,73870903,73870903,83,1,1769004899.0,,y1979
1769004918,74213785,74213785,24,1,1769004904.0,,y1655
1769004918,73908139,73908139,99,0,1769004903.0,,y1420
1769004918,73870320,73870320,87,1,1769004897.0,,y3129
1769004918,73869777,73869777,77,0,1769004898.0,,y1972
1769004918,73870517,73870517,71,1,1769004898.0,,y3143
1769004918,73902959,73902959,110,1,1769004878.0,,y3144
1769004918,73221251,73221251,Green-E,1,1769004836.0,,G-10094
1769004918,73584153,73584153,501,0,1769004905.0,,y3200
1769004918,74213848,74213848,42,0,1769004905.0,,y1639
1769004918,73601228,73601228,708,0,1769004905.0,,y1760
1769004918,74122928,74122928,215,0,1769004903.0,,y0762
1769004918,73220410,73220410,Green-B,0,1769004896.0,,G-10102
1769004918,73602728,73602728,16,0,1769004899.0,,y1746
1769004918,73220630,73220630,Green-C,1,1769004875.0,,G-10072
1769004918,73870695,73870695,71,1,1769004903.0,,y1962
1769004918,BasewUpdatedWalpoleTurns-772801-925,BasewUpdatedWalpoleTurns-772801-925,CR-Providence,0,1769004873.0,,1839
1769004918,73613637,73613637,Orange,0,1769004898.0,,O-54878E28
1769004918,73767225,73767225,39,0,1769004896.0,,y1201
1769004918,Base-772411-410,Base-772411-410,CR-Fitchburg,1,1769004878.0,,1709
1769004918,73601336,73601336,22,1,1769004901.0,,y1919
1769004918,73766178,73766178,751,1,1769004901.0,,y1277
1769004918,74071601,74071601,455,1,1769004897.0,,y3305
1769004918,74122777,74122777,238,1,1769004907.0,,y0816
1769004918,74071738,74071738,429,0,1769004906.0,,y3315
1769004918,73601651,73601651,11,1,1769004893.0,,y1727
1769004918,74213160,74213160,42,1,1769004896.0,,y1601
1769004918,73613819,73613819,Orange,1,1769004878.0,,O-548788A6
1769004918,73870737,73870737,71,0,1769004903.0,,y1962
1769004918,73602038,73602038,45,1,1769004900.0,,y1866
1769004918,74122519,74122519,216,1,,,
1769004918,73869619,73869619,70,1,1769004906.0,,y2095
1769004918,74214560,74214560,31,1,1769004894.0,,y1656
1769004918,73220450,73220450,Green-B,0,1769004915.0,,G-10061
1769004918,73613828,73613828,Orange,0,1769004906.0,,O-548788B2
1769004918,73584635,73584635,57,1,1769004900.0,,y3248
1769004918,73869533,73869533,70,0,1769004908.0,,
1769004918,73868806,73868806,68,0,1769004894.0,,y2079
1769004918,73584579,73584579,57,0,1769004903.0,,y3297
1769004918,73220667,73220667,Green-C,1,1769004904.0,,G-10037
1769004918,73584091,73584091,501,1,1769004906.0,,y3275
1769004918,73766525,73766525,28,0,1769004904.0,,y1260
1769004918,74213777,74213777,24,0,1769004905.0,,y1622
1769004918,73766188,73766188,751,1,1769004903.0,,y1289
1769004918,73583796,73583796,9,1,1769004902.0,,y3274
1769004918,73869588,73869588,70,0,1769004908.0,,
1769004918,73766564,73766564,28,1,1769004899.0,,y1250
1769004918,73601333,73601333,23,1,1769004901.0,,y1801
1769004918,74122754,74122754,238,1,1769004897.0,,y0757
1769004918,73869562,73869562,70,0,1769004908.0,,
1769004918,73902181,73902181,430,0,1769004905.0,,y1980
1769004918,73902236,73902236,109,1,1769004908.0,,
1769004918,BasewUpdatedWalpoleTurns-772995-2016,BasewUpdatedWalpoleTurns-772995-2016,CR-NewBedford,1,1769004886.0,,1832
1769004918,73903184,73903184,89,1,1769004895.0,,y1954
1769004918,73601819,73601819,1,0,1769004905.0,,y1864
1769004918,73767150,73767150,749,1,1769004899.0,,y1278
1769004918,73583844,73583844,66,0,1769004888.0,,y3282
1769004918,Base-772410-409,Base-772410-409,CR-Fitchburg,0,1769004884.0,,1701
1769004918,73765861,73765861,742,0,1769004878.0,,y1306
1769004918,73584573,73584573,57,0,1769004892.0,,y3273
1769004918,73603328,73603328,8,1,1769004897.0,,y1859
1769004918,73602507,73602507,15,0,1769004904.0,,y1895
1769004918,73909165,73909165,95,0,1769004902.0,,y0875
1769004918,73604016,73604016,1,1,1769004907.0,,y1816
1769004918,73584472,73584472,45,1,1769004906.0,,y3286
1769004918,73584187,73584187,556,0,1769004904.0,,y3283
1769004918,BasewUpdatedWalpoleTurns-781250-1725,BasewUpdatedWalpoleTurns-781250-1725,CR-Franklin,0,1769004875.0,,1817
1769004918,74214462,74214462,32,1,1769004907.0,,y1713
1769004918,73902325,73902325,108,1,1769004887.0,,y2052
1769004918,73613810,73613810,Orange,0,1769004878.0,,O-548788A6
1769004918,73604057,73604057,1,0,1769004899.0,,y1829
1769004918,73601339,73601339,23,1,1769004896.0,,y1738
1769004918,73766157,73766157,741,1,1769004773.0,,y1330
1769004918,73584096,73584096,558,1,1769004905.0,,y3253
1769004918,73869782,73869782,77,1,1769004904.0,,y1997
1769004918,73220379,73220379,Green-B,0,1769004886.0,,G-10116
1769004918,73765801,73765801,742,1,1769004899.0,,y1305
1769004918,73601474,73601474,708,1,1769004894.0,,y1871
1769004918,73613910,73613910,Orange,0,1769004701.0,,O-54878E42
1769004918,73868822,73868822,68,1,1769004894.0,,y2079
1769004918,73583969,73583969,66,1,1769004903.0,,y0885
1769004918,74360565,74360565,Blue,0,1769004891.0,,B-54878B11
1769004918,73221243,73221243,Green-E,1,1769004891.0,,G-10071
1769004918,73767361,73767361,39,0,1769004893.0,,y1259
1769004918,73909032,73909032,108,0,1769004905.0,,y0879
1769004918,Base-772370-324,Base-772370-324,CR-Lowell,1,1769004876.0,,1724
1769004918,73902574,73902574,109,1,1769004902.0,,y2000
1769004918,73868864,73868864,80,1,1769004902.0,,y2023
1769004918,73869214,73869214,74,1,1769004900.0,,y1975
1769004918,74071604,74071604,455,1,1769004899.0,,y3113
1769004918,73601330,73601330,22,1,1769004906.0,,y1883
1769004918,74214732,74214732,14,0,1769004896.0,,y1616
1769004918,73220691,73220691,Green-C,0,1769004886.0,,G-10096
1769004918,73870602,73870602,71,1,1769004902.0,,y1949
1769004918,74214136,74214136,52,0,1769004906.0,,y1701
1769004918,73909100,73909100,106,1,1769004876.0,,y1440
1769004918,73584182,73584182,554,1,1769004902.0,,y0861
1769004918,73604195,73604195,23,0,1769004895.0,,y1842
1769004918,74071698,74071698,429,1,1769004906.0,,y3121
1769004918,74214553,74214553,31,1,1769004896.0,,y1602
1769004918,73601659,73601659,11,1,1769004889.0,,y1727
1769004918,73902649,73902649,109,1,1769004905.0,,y1942
1769004918,73869548,73869548,70,0,1769004908.0,,
1769004918,73908254,73908254,92,0,1769004897.0,,y1433
1769004918,BasewUpdatedWalpoleTurns-774180-1009,BasewUpdatedWalpoleTurns-774180-1009,CR-Kingston,0,1769004874.0,,1830
1769004918,73601529,73601529,9,0,1769004898.0,,y1751
1769004918,73902660,73902660,109,1,1769004893.0,,y2040
1769004918,73869567,73869567,70,0,1769004908.0,,
1769004918,73901638,73901638,111,1,1769004899.0,,y3140
1769004918,73584574,73584574,57,0,1769004904.0,,y0901
1769004918,74214718,74214718,14,1,1769004896.0,,y1650
1769004918,73603346,73603346,17,0,1769004901.0,,y1760
1769004918,73603601,73603601,47,0,1769004907.0,,y1822
1769004918,74071492,74071492,442,1,1769004902.0,,y3123
1769004918,74360800,74360800,Blue,1,,,
1769004918,73602509,73602509,22,0,1769004907.0,,y1919
1769004918,73903178,73903178,101,0,1769004884.0,,y3136
1769004918,73583847,73583847,66,0,1769004908.0,,
1769004918,74122429,74122429,236,0,1769004902.0,,y0802
1769004918,73584645,73584645,57,1,1769004903.0,,y3239
1769004918,73766803,73766803,743,0,1769004882.0,,y1310
1769004918,73868981,73868981,67,1,1769004890.0,,y2117
1769004918,73869639,73869639,70,0,1769004906.0,,y3155
1769004918,73603837,73603837,18,1,1769004902.0,,y1798
1769004918,73583959,73583959,66,1,1769004893.0,,y3264
1769004918,73903327,73903327,100,0,1769004899.0,,y1968
1769004918,73765796,73765796,751,0,1769004896.0,,y1282
1769004918,73221183,73221183,Green-E,0,1769004915.0,,G-10021
1769004918,74122712,74122712,222,0,1769004907.0,,y0833
1769004918,73220413,73220413,Green-B,1,1769004902.0,,G-10027
1769004918,73868928,73868928,350,1,1769004899.0,,y2045
1769004918,73902133,73902133,96,1,1769004905.0,,y2084
1769004918,74360571,74360571,Blue,0,1769004885.0,,B-54878E3F
1769004918,73604087,73604087,1,0,1769004897.0,,y1900
1769004918,73604200,73604200,23,0,1769004896.0,,y1738
1769004918,74214470,74214470,32,1,1769004903.0,,y1715
1769004918,73766115,73766115,741,0,1769004881.0,,y1337
1769004918,73850907,73850907,Red,1,1769004246.0,,R-54878B7A
1769004918,74122139,74122139,240,0,1769004902.0,,y0832
1769004918,73613818,73613818,Orange,0,1769004907.0,,O-548788B5
1769004918,73602853,73602853,43,1,1769004900.0,,y1742
1769004918,74360798,74360798,Blue,1,,,
1769004918,73766160,73766160,741,0,1769004898.0,,y1340
1769004918,74122927,74122927,215,0,1769004902.0,,y0822
1769004918,73602262,73602262,15,1,1769004907.0,,y1735
1769004918,73908978,73908978,137,0,1769004906.0,,y1434
1769004918,74213622,74213622,51,0,1769004903.0,,y1610
1769004918,73603608,73603608,47,1,1769004904.0,,y1758
1769004918,73908224,73908224,97,1,1769004840.0,,y1457
1769004918,73902840,73902840,104,0,1769004899.0,,y2082
1769004918,73257876,73257876,714,1,1769004905.0,,dLF 958
1769004918,73602511,73602511,44,0,1769004903.0,,y1815
1769004918,73765831,73765831,742,1,1769004906.0,,y1305
1769004918,73901581,73901581,105,0,1769004887.0,,y1950
1769004918,73613706,73613706,Orange,1,1769004907.0,,O-54878E32
1769004918,73902973,73902973,110,1,1769004891.0,,y2032
1769004918,74213467,74213467,40,0,1769004893.0,,y1705
1769004918,73868799,73868799,68,0,1769004894.0,,y2079
1769004918,74214726,74214726,14,0,1769004893.0,,y1650
1769004918,73603516,73603516,19,0,1769004893.0,,y1764
1769004918,73583955,73583955,66,1,1769004905.0,,y3282
1769004918,73907568,73907568,354,1,1769004906.0,,y1441
1769004918,74213418,74213418,35,1,1769004905.0,,y1674
1769004918,73766691,73766691,743,0,1769004895.0,,y1318
1769004918,73901586,73901586,105,0,1769004662.0,,y1950
1769004918,73903029,73903029,89,1,1769004899.0,,y1926
1769004918,74213973,74213973,31,1,1769004899.0,,y1623
1769004918,73901654,73901654,111,0,1769004894.0,,y1996
1769004918,73602395,73602395,15,1,1769004889.0,,y1857
1769004918,73603347,73603347,17,0,1769004903.0,,y1854
1769004918,73601657,73601657,7,1,1769004904.0,,y1750
1769004918,73584470,73584470,45,0,1769004872.0,,y3226
1769004918,73766176,73766176,751,0,1769004903.0,,y1289
1769004918,74360507,74360507,Blue,1,,,
1769004918,Base-772371-327,Base-772371-327,CR-Lowell,0,1769004867.0,,1708
1769004918,73908962,73908962,137,0,1769004902.0,,y1454
1769004918,73902234,73902234,109,0,1769004896.0,,y2080
1769004918,73767163,73767163,749,1,1769004899.0,,y1278
1769004918,73584031,73584031,60,0,1769004884.0,,y3233
1769004918,73603336,73603336,8,1,1769004908.0,,
1769004918,73902137,73902137,96,1,1769004908.0,,
1769004918,73901701,73901701,111,0,1769004908.0,,
1769004918,73901694,73901694,111,1,1769004899.0,,y2062
1769004918,74213875,74213875,41,1,1769004907.0,,y1642
1769004918,73766542,73766542,28,1,1769004721.0,,y1205
1769004918,73604065,73604065,1,1,1769004897.0,,y1900
1769004918,73902805,73902805,104,1,1769004899.0,,y2064
1769004918,73901766,73901766,111,0,1769004902.0,,y3156
1769004918,73901658,73901658,111,0,1769004896.0,,y1994
1769004918,73870823,73870823,64,0,1769004899.0,,y2065
1769004918,73869208,73869208,78,1,1769004902.0,,y2013
1769004918,73220898,73220898,Green-D,1,1769004880.0,,G-10093
1769004918,74214690,74214690,31,1,1769004902.0,,y1678
1769004918,73221017,73221017,Green-D,0,1769004901.0,,G-10024
1769004918,73908063,73908063,354,0,1769004905.0,,y1444
1769004918,74071644,74071644,455,0,1769004885.0,,y3324
1769004918,73910042,73910042,100,0,1769004903.0,,y1413
1769004918,73767298,73767298,39,0,1769004905.0,,y1258
1769004918,73902395,73902395,106,0,1769004899.0,,y1968
1769004918,74071903,74071903,116,0,1769004895.0,,y3111
1769004918,73767122,73767122,749,0,1769004899.0,,y1278
1769004918,74071913,74071913,116,0,1769004903.0,,y3318
1769004918,73909982,73909982,112,0,1769004897.0,,y1421
1769004918,73869244,73869244,78,1,1769004902.0,,y2003
1769004918,74214592,74214592,31,0,1769004904.0,,y1719
1769004918,73584447,73584447,65,0,1769004881.0,,y3285
1769004918,73869796,73869796,77,1,1769004906.0,,y2086
1769004918,73901848,73901848,111,0,1769004906.0,,y1958
1769004918,Base-772338-224,Base-772338-224,CR-Haverhill,1,1769004892.0,,1801
1769004918,73869560,73869560,70,0,1769004908.0,,
1769004918,74214892,74214892,34E,1,1769004903.0,,y1644
1769004918,73869531,73869531,70,0,1769004908.0,,
1769004918,73903326,73903326,100,0,1769004895.0,,y1932
1769004918,73909986,73909986,112,1,1769004906.0,,y1426
1769004918,73870293,73870293,87,0,1769004891.0,,y2071
1769004918,74122631,74122631,220,1,1769004907.0,,y0801
1769004918,74122736,74122736,216,1,,,
1769004918,73766190,73766190,751,0,1769004907.0,,y1280
1769004918,74071550,74071550,451,0,1769004905.0,,y3322
1769004918,73901177,73901177,91,0,1769004906.0,,y2092
1769004918,73765803,73765803,741,1,1769004905.0,,y1337
1769004918,73221255,73221255,Green-E,1,1769004850.0,,G-10089
1769004918,73766544,73766544,28,1,1769004903.0,,y1252
1769004918,73765752,73765752,741,1,1769004824.0,,y1333
1769004918,73257455,73257455,713,1,1769004900.0,,
1769004918,73601472,73601472,708,1,1769004904.0,,y1875
1769004918,74360549,74360549,Blue,1,1769004890.0,,B-548788DC
1769004918,73767329,73767329,16,1,1769004901.0,,y1262
1769004918,73601658,73601658,9,1,1769004904.0,,y1924
1769004918,73602269,73602269,15,1,1769004886.0,,y1907
1769004918,73584339,73584339,504,1,1769004904.0,,y3220
1769004918,73869225,73869225,75,1,1769004893.0,,y1999
1769004918,74122688,74122688,210,0,1769004761.0,,y0827
1769004918,73869475,73869475,86,0,1769004905.0,,y2004
1769004918,73869521,73869521,70,0,1769004908.0,,
1769004918,74071643,74071643,455,0,1769004898.0,,y3301
1769004918,73584326,73584326,66,0,1769004895.0,,y3270
1769004918,73907573,73907573,134,1,1769004902.0,,y1402
1769004918,73868902,73868902,350,0,1769004903.0,,y1991
1769004918,73220668,73220668,Green-C,0,1769004904.0,,G-10037
1769004918,74071252,74071252,441,1,1769004906.0,,y3323
1769004918,73908033,73908033,134,0,1769004892.0,,y1409
1769004918,74122332,74122332,222,1,1769004904.0,,y0833
1769004918,74122581,74122581,216,0,1769004908.0,,
1769004918,73766154,73766154,741,1,1769004903.0,,y1334
1769004918,73846985,73846985,Red,0,1769004627.0,,R-54878E17
1769004918,73850911,73850911,Red,1,1769004890.0,,R-5487896C
1769004918,73851006,73851006,Red,0,1769004893.0,,R-5487871A
1769004918,73869211,73869211,74,0,1769004902.0,,y2003
1769004918,73870208,73870208,87,0,1769004898.0,,y2103
1769004918,74122369,74122369,201,0,1769004890.0,,y0778
1769004918,73766939,73766939,749,0,1769004899.0,,y1279
1769004918,74214859,74214859,34E,0,1769004790.0,,y1614
1769004918,73584161,73584161,553,1,1769004900.0,,y0864
1769004918,74213307,74213307,50,1,1769004908.0,,
1769004918,Base-774594-28,Base-774594-28,CR-Newburyport,1,1769004877.0,,1800
1769004918,74122199,74122199,240,1,1769004904.0,,y0768
1769004918,74360537,74360537,Blue,1,1769004896.0,,B-54878E2D
1769004918,74360811,74360811,Blue,0,,,
1769004918,73907536,73907536,94,0,1769004902.0,,y1416
1769004918,73584519,73584519,57,1,1769004904.0,,y0901
1769004918,73603617,73603617,47,0,1769004906.0,,y1832
1769004918,74071476,74071476,442,0,1769004898.0,,y3342
1769004918,73613826,73613826,Orange,0,1769004915.0,,O-548788E5
1769004918,73603534,73603534,9,1,1769004907.0,,y1731
1769004918,73869520,73869520,70,0,1769004908.0,,
1769004918,73869551,73869551,70,0,1769004908.0,,
1769004918,73869575,73869575,70,0,1769004908.0,,
1769004918,73846967,73846967,Red,0,1769004897.0,,R-5487797E
1769004918,74122571,74122571,216,0,1769004872.0,,y0828
1769004918,73869242,73869242,78,0,1769004905.0,,y2013
1769004918,74122509,74122509,211,0,1769004903.0,,y0817
1769004918,73220966,73220966,Green-D,0,1769004914.0,,G-10137
1769004918,74071605,74071605,455,1,1769004903.0,,y3322
1769004918,73869231,73869231,78,0,1769004890.0,,y2070
1769004918,73583765,73583765,65,1,1769004885.0,,y3294
1769004918,73584750,73584750,747,1,1769004903.0,,y3247
1769004918,73765970,73765970,751,0,1769004896.0,,y1282
1769004918,74214146,74214146,52,0,1769004903.0,,y1603
1769004918,73870521,73870521,71,0,1769004904.0,,y3143
1769004918,73601332,73601332,22,1,1769004906.0,,y1803
1769004918,74213482,74213482,35,1,1769004901.0,,y1618
1769004918,73903226,73903226,90,0,1769004900.0,,y2058
1769004918,73584751,73584751,747,0,1769004905.0,,y3267
1769004918,73870526,73870526,73,0,1769004894.0,,y2036
1769004918,73220550,73220550,Green-B,1,1769004915.0,,G-10042
1769004918,ADDED-1583474895,ADDED-1583474895,Mattapan,0,1769004777.0,,G-10165
1769004918,73870068,73870068,69,1,1769004901.0,,y2005
1769004918,73601963,73601963,16,1,1769004891.0,,y1903
1769004918,73869543,73869543,70,0,1769004908.0,,
1769004918,73613774,73613774,Orange,0,1769004748.0,,O-54878E49
1769004918,73602351,73602351,16,0,1769004898.0,,y1761
1769004918,74122257,74122257,236,1,1769004904.0,,y0903
1769004918,74213311,74213311,35,0,1769004901.0,,y1618
1769004918,73584374,73584374,504,0,1769004897.0,,y3255
1769004918,73584517,73584517,57,1,1769004896.0,,y3271
1769004918,74213846,74213846,33,1,1769004905.0,,y1667
1769004918,73584105,73584105,501,0,1769004904.0,,y3223
1769004918,73603371,73603371,19,1,1769004890.0,,y1840
1769004918,73257547,73257547,712,0,1769004900.0,,
1769004918,73601645,73601645,10,1,1769004905.0,,y1737
1769004918,74122755,74122755,238,0,1769004904.0,,y0757
1769004918,74071360,74071360,120,0,1769004905.0,,y3331
1769004918,73601338,73601338,23,1,1769004895.0,,y1842
1769004918,73601471,73601471,708,1,1769004907.0,,y1871
1769004918,74213742,74213742,30,1,1769004904.0,,y1669
1769004918,73902329,73902329,108,0,1769004895.0,,y1932
1769004918,74214131,74214131,52,1,1769004903.0,,y1701
1769004918,73602738,73602738,16,0,1769004904.0,,y1887
1769004918,73767268,73767268,39,1,1769004903.0,,y1265
1769004918,73601663,73601663,10,1,1769004904.0,,y1747
1769004918,73584336,73584336,504,1,1769004902.0,,y3265
1769004918,ADDED-1583474858,ADDED-1583474858,Red,1,1769004891.0,,R-54878599
1769004918,73604183,73604183,23,1,1769004906.0,,y1828
1769004918,73604193,73604193,23,1,1769004905.0,,y1835
1769004918,73870209,73870209,88,0,1769004900.0,,y2093
1769004918,74214481,74214481,32,1,1769004904.0,,y1713
1769004918,74214893,74214893,34E,0,1769004906.0,,y1644
1769004918,73767012,73767012,749,1,1769004905.0,,y1284
1769004918,73584510,73584510,57,1,1769004905.0,,y3297
1769004918,73869613,73869613,70,0,1769004896.0,,y3155
1769004918,73765910,73765910,746,0,1769004778.0,,y1307
1769004918,74071603,74071603,455,1,1769004872.0,,y3115
1769004918,73603629,73603629,47,0,1769004904.0,,y1920
1769004918,73584367,73584367,504,0,1769004906.0,,y3265
1769004918,BasewUpdatedWalpoleTurns-772897-1619,BasewUpdatedWalpoleTurns-772897-1619,CR-Fairmount,0,1769004882.0,,1855
1769004918,73903217,73903217,89,0,1769004895.0,,y1954
1769004918,73903207,73903207,101,0,1769004908.0,,
1769004918,74214584,74214584,21,1,1769004904.0,,y1719
1769004918,73766689,73766689,743,0,1769004894.0,,y1323
1769004918,74360543,74360543,Blue,0,1769004879.0,,B-54878E27
1769004918,74213821,74213821,26,0,1769004895.0,,y1712
1769004918,73583972,73583972,66,1,1769004883.0,,y3241
1769004918,73902530,73902530,110,1,1769004901.0,,y2057
1769004918,73901653,73901653,111,0,1769004895.0,,y2006
1769004918,73869893,73869893,77,0,1769004904.0,,y1985
1769004918,73765895,73765895,742,0,1769004878.0,,y1306
1769004918,ADDED-1583474887,ADDED-1583474887,Green-D,1,1769004910.0,,G-10164
1769004918,74213343,74213343,35,1,1769004898.0,,y1685
1769004918,73908758,73908758,93,1,1769004897.0,,y1432
1769004918,73908994,73908994,137,1,1769004904.0,,y1431
1769004918,73870128,73870128,69,0,1769004887.0,,y2113
1769004918,74213597,74213597,36,0,1769004903.0,,y1717
1769004918,74214845,74214845,34,0,1769004894.0,,y1696
1769004918,ADDED-1583474886,ADDED-1583474886,Green-D,1,1769004912.0,,G-10158
1769004918,73869683,73869683,70,0,1769004908.0,,
1769004918,73851014,73851014,Red,0,1769004908.0,,R-54878656
1769004918,73221077,73221077,Green-D,1,1769004915.0,,G-10070
1769004918,73902613,73902613,109,1,1769004906.0,,y2098
1769004918,73908977,73908977,137,0,1769004907.0,,y1431
1769004918,74214853,74214853,34,1,1769004896.0,,y1696
1769004918,73221254,73221254,Green-E,0,1769004895.0,,G-10016
1769004918,73602855,73602855,43,1,1769004900.0,,y1742
1769004918,73613773,73613773,Orange,1,1769004898.0,,O-54878E3C
1769004918,73907993,73907993,132,0,1769004872.0,,y0852
1769004918,73584081,73584081,10,0,1769004854.0,,y3202
1769004918,73869623,73869623,70,0,1769004905.0,,y1977
1769004918,74213500,74213500,51,1,1769004906.0,,y1600
1769004918,74122142,74122142,240,0,1769004908.0,,
1769004918,73584757,73584757,747,1,1769004900.0,,y3238
1769004918,74122535,74122535,201,1,1769004890.0,,y0778
1769004918,73613807,73613807,Orange,1,1769004901.0,,O-54878E4F
1769004918,73908138,73908138,99,1,1769004883.0,,y1425
1769004918,73869213,73869213,78,0,1769004899.0,,y2037
1769004918,74213380,74213380,35,0,1769004898.0,,y1685
1769004918,73767236,73767236,39,1,1769004904.0,,y1254
1769004918,73868805,73868805,68,1,1769004894.0,,y2079
1769004918,73870294,73870294,87,1,1769004891.0,,y2071
1769004918,BasewUpdatedWalpoleTurns-772731-724,BasewUpdatedWalpoleTurns-772731-724,CR-Franklin,1,1769004892.0,,1853
1769004918,73766248,73766248,746,1,1769004815.0,,y1319
1769004918,73908964,73908964,137,0,1769004904.0,,y1401
1769004918,73766692,73766692,743,0,1769004894.0,,y1323
1769004918,74213779,74213779,24,0,1769004904.0,,y1655
1769004918,73613685,73613685,Orange,1,1769004741.0,,O-54878E30
1769004918,73869590,73869590,70,0,1769004908.0,,
1769004918,73869625,73869625,70,0,1769004898.0,,y1969
1769004918,73601433,73601433,11,0,1769004889.0,,y1727
1769004918,73220651,73220651,Green-C,0,1769004872.0,,G-10083
1769004918,73869709,73869709,70,0,1769004908.0,,
1769004918,73908137,73908137,99,0,1769004906.0,,y1425
1769004918,73901662,73901662,111,1,1769004896.0,,y1994
1769004918,73257967,73257967,716,0,1769004665.0,,dLF 951
1769004918,BasewUpdatedWalpoleTurns-772730-721,BasewUpdatedWalpoleTurns-772730-721,CR-Franklin,0,1769004875.0,,1836
1769004918,74213197,74213197,42,0,1769004896.0,,y1601
1769004918,73870125,73870125,69,1,1769004887.0,,y2113
1769004918,74071642,74071642,455,0,1769004905.0,,y3113
1769004918,74214712,74214712,14,1,1769004908.0,,
1769004918,73601647,73601647,7,1,1769004899.0,,y1745
1769004918,73901519,73901519,97,1,1769004903.0,,y2074
1769004918,74071890,74071890,116,1,1769004904.0,,y3111
1769004918,73584478,73584478,501,1,1769004903.0,,y3209
1769004918,73602522,73602522,15,0,1769004897.0,,y1812
1769004918,74360525,74360525,Blue,1,1769004909.0,,B-54878E1D
1769004918,74071865,74071865,116,1,1769004899.0,,y3127
1769004918,73870077,73870077,69,0,1769004901.0,,y2005
1769004918,74071584,74071584,450,0,1769004846.0,,y3320
1769004918,73869550,73869550,70,0,1769004908.0,,
1769004918,73850912,73850912,Red,1,1769004783.0,,R-54877876
1769004918,73909991,73909991,112,1,1769004877.0,,y1437
1769004918,73583797,73583797,9,1,1769004902.0,,y3274
1769004918,73601528,73601528,9,0,1769004903.0,,y1791
1769004918,73221256,73221256,Green-E,0,1769004850.0,,G-10089
1769004918,73603433,73603433,44,0,1769004906.0,,y1812
1769004918,73766545,73766545,28,0,1769004903.0,,y1216
1769004918,73870900,73870900,83,0,1769004906.0,,y1979
1769004918,73868894,73868894,350,1,1769004898.0,,y1991
1769004918,73613636,73613636,Orange,1,1769004914.0,,O-548788F6
1769004918,73870205,73870205,88,1,1769004900.0,,y3151
1769004918,73870814,73870814,64,1,1769004904.0,,y3149
1769004918,73584174,73584174,59,1,1769004896.0,,y3269
1769004918,73767237,73767237,39,1,1769004903.0,,y1222
1769004918,73603344,73603344,19,0,1769004899.0,,y1921
1769004918,73909531,73909531,104,1,1769004895.0,,y1417
1769004918,73601229,73601229,708,0,1769004904.0,,y1875
1769004918,74122179,74122179,240,1,1769004902.0,,y0832
1769004918,73766174,73766174,751,0,1769004900.0,,y1280
1769004918,73869769,73869769,77,0,1769004898.0,,y2043
1769004918,BasewUpdatedWalpoleTurns-772662-525,BasewUpdatedWalpoleTurns-772662-525,CR-Worcester,0,1769004868.0,,1841
1769004918,73870558,73870558,73,0,1769004900.0,,y3152
1769004918,73765969,73765969,751,1,1769004896.0,,y1282
1769004918,73602175,73602175,1,1,1769004887.0,,y1720
1769004918,73909169,73909169,95,1,1769004903.0,,y1418
1769004918,73868994,73868994,67,0,1769004908.0,,
1769004918,74122871,74122871,225,1,1769004902.0,,y0803
1769004918,73767245,73767245,16,1,1769004897.0,,y1253
1769004918,73221179,73221179,Green-E,1,1769004909.0,,G-10035
1769004918,74122602,74122602,216,0,,,
1769004918,74213781,74213781,24,1,1769004907.0,,y1655
1769004918,73869910,73869910,77,1,1769004897.0,,y1985
1769004918,73902612,73902612,109,1,1769004898.0,,y3158
1769004918,Base-772337-223,Base-772337-223,CR-Haverhill,0,1769004891.0,,1808
1769004918,74360553,74360553,Blue,1,1769004891.0,,B-54878B11
1769004918,74122792,74122792,245,1,1769004901.0,,y0761
1769004918,74214204,74214204,33,0,1769004905.0,,y1667
1769004918,74213408,74213408,37,1,1769004901.0,,y1618
1769004918,74071564,74071564,450,1,1769004905.0,,y3343
1769004918,73869558,73869558,70,0,1769004908.0,,
1769004918,73908823,73908823,411,1,1769004903.0,,y1438
1769004918,73604207,73604207,23,0,1769004898.0,,y1776
1769004918,73902587,73902587,109,1,1769004889.0,,y1948
1769004918,73603408,73603408,8,0,1769004893.0,,y1881
1769004918,73601331,73601331,23,1,1769004897.0,,y1793
1769004918,73870076,73870076,69,0,1769004908.0,,
1769004918,74122652,74122652,216,0,1769004908.0,,
1769004918,73584515,73584515,57,1,1769004895.0,,y3227
1769004918,73583843,73583843,66,0,1769004883.0,,y3241
1769004918,73908800,73908800,411,1,1769004876.0,,y0895
1769004918,73766528,73766528,28,0,1769004903.0,,y1252
1769004918,74214436,74214436,32,0,1769004903.0,,y1715
1769004918,73584516,73584516,57,1,1769004897.0,,y3291
1769004918,73901661,73901661,111,1,1769004886.0,,y1934
1769004918,73870484,73870484,73,1,1769004902.0,,y2061
1769004918,73909405,73909405,104,0,1769004898.0,,y1459
1769004918,73847013,73847013,Red,0,1769004896.0,,R-548788A8
1769004918,74214011,74214011,21,0,1769004907.0,,y1623
1769004918,73767244,73767244,16,1,1769004895.0,,y1214
1769004918,74214465,74214465,32,1,1769004896.0,,y1648
1769004918,74360797,74360797,Blue,0,1769004860.0,,B-54878DEA
1769004918,73765892,73765892,742,1,1769004878.0,,y1306
1769004918,73766756,73766756,743,0,1769004902.0,,y1327
1769004918,73868913,73868913,350,1,1769004906.0,,y3139
1769004918,74214190,74214190,33,0,1769004905.0,,y1667
1769004918,74122354,74122354,216,1,1769004902.0,,y0802
1769004918,73870549,73870549,73,1,1769004900.0,,y3152
1769004918,74122382,74122382,230,1,1769004904.0,,y0764
1769004918,73220361,73220361,Green-B,0,1769004912.0,,G-10081
1769004918,73766526,73766526,28,0,1769004721.0,,y1205
1769004918,73584454,73584454,65,0,1769004906.0,,y3285
1769004918,73602510,73602510,15,0,1769004889.0,,y1857
1769004918,73220650,73220650,Green-C,1,1769004872.0,,G-10083
1769004918,73602780,73602780,10,0,1769004903.0,,y1737
1769004918,73584188,73584188,556,1,1769004898.0,,y3283
1769004918,73584403,73584403,505,1,1769004904.0,,y3245
1769004918,73602512,73602512,22,0,1769004903.0,,y1883
1769004918,73584119,73584119,4,1,1769004872.0,,y3256
1769004918,73903167,73903167,89,0,1769004890.0,,y1978
1769004918,73601432,73601432,11,0,1769004899.0,,y1904
1769004918,74360548,74360548,Blue,0,1769004890.0,,B-548788DC
1769004918,73870649,73870649,71,1,1769004906.0,,y1962
1769004918,73767234,73767234,39,0,1769004903.0,,y1268
1769004918,ADDED-1583474850,ADDED-1583474850,Red,1,1769004897.0,,R-5487797E
1769004918,73221249,73221249,Green-E,1,1769004866.0,,G-10034
1769004918,74360555,74360555,Blue,1,1769004891.0,,B-54878E33
1769004918,73766566,73766566,28,0,1769004886.0,,y1220
1769004918,73602515,73602515,44,0,1769004900.0,,y1807
1769004918,73257456,73257456,713,0,1769004900.0,,
1769004918,73583782,73583782,9,0,1769004902.0,,y3274
1769004918,73601823,73601823,1,0,1769004886.0,,y1773
1769004918,73902972,73902972,110,1,1769004898.0,,y2114
1769004918,73766118,73766118,741,1,1769004898.0,,y1340
1769004918,74213163,74213163,42,1,1769004887.0,,y1637
1769004918,73765756,73765756,741,0,1769004824.0,,y1333
1769004918,73902655,73902655,109,0,1769004906.0,,y2000
1769004918,73902969,73902969,110,0,1769004832.0,,y3144
1769004918,73584819,73584819,66,0,1769004895.0,,y3268
1769004918,73903329,73903329,100,1,1769004899.0,,y1968
1769004918,74214681,74214681,31,0,1769004902.0,,y1678
1769004918,73765904,73765904,742,0,1769004899.0,,y1305
1769004918,73870130,73870130,69,1,1769004887.0,,y2113
1769004918,73908252,73908252,92,1,1769004897.0,,y1433
1769004918,74213828,74213828,26,1,1769004895.0,,y1712
1769004918,73601959,73601959,16,1,1769004904.0,,y1887
1769004918,73584571,73584571,57,0,1769004893.0,,y3201
1769004918,74213505,74213505,51,1,1769004903.0,,y1610
1769004918,73870330,73870330,88,0,1769004897.0,,y2095
1769004918,73851015,73851015,Red,0,1769004885.0,,R-54876C61
1769004918,73847008,73847008,Red,1,1769004857.0,,R-54878E56
1769004918,BasewUpdatedWalpoleTurns-772879-1522,BasewUpdatedWalpoleTurns-772879-1522,CR-Worcester,1,1769004889.0,,1863
1769004918,73870819,73870819,64,1,1769004898.0,,y2054
1769004918,73603606,73603606,47,1,1769004898.0,,y1822
1769004918,73909924,73909924,101,0,1769004884.0,,y1456
1769004918,73847007,73847007,Red,0,1769004857.0,,R-54878E56
1769004918,73604182,73604182,23,0,1769004903.0,,y1855
1769004918,74214430,74214430,32,0,1769004895.0,,y1648
1769004918,73584368,73584368,504,0,1769004902.0,,y3265
1769004918,73869720,73869720,70,0,1769004905.0,,y1951
1769004918,73613670,73613670,Orange,1,1769004898.0,,O-54878E2C
1769004918,73604198,73604198,23,0,1769004906.0,,y1801
1769004918,74071420,74071420,119,1,1769004895.0,,y3319
1769004918,73220993,73220993,Green-D,0,1769004915.0,,G-10136
1769004918,73869617,73869617,70,1,1769004901.0,,y2099
1769004918,73603404,73603404,8,0,1769004906.0,,y1873
1769004918,74071264,74071264,441,0,1769004880.0,,y3312
1769004918,73868914,73868914,350,0,1769004902.0,,y3139
1769004918,73869624,73869624,70,1,1769004896.0,,y3155
1769004918,74122326,74122326,222,1,1769004898.0,,y0826
1769004918,74214622,74214622,31,0,1769004896.0,,y1703
1769004918,73902200,73902200,430,1,1769004898.0,,y1980
1769004918,74071880,74071880,116,1,1769004908.0,,
1769004918,73870643,73870643,71,0,1769004872.0,,y3133
1769004918,74214086,74214086,29,1,1769004903.0,,y1692
1769004918,74213745,74213745,30,1,1769004899.0,,y1612
1769004918,74213711,74213711,30,0,1769004899.0,,y1612
1769004918,73870207,73870207,87,0,1769004891.0,,y2109
1769004918,74360518,74360518,Blue,0,1769004909.0,,B-54878E1D
1769004918,73870258,73870258,87,1,1769004908.0,,y2023
1769004918,73869472,73869472,86,0,1769004899.0,,y2083
1769004918,74071246,74071246,441,1,1769004905.0,,y3349
1769004918,73850910,73850910,Red,1,1769004856.0,,R-54878E23
1769004918,73908995,73908995,137,1,1769004899.0,,y1434
1769004918,73603619,73603619,47,1,1769004904.0,,y1920
1769004918,73902547,73902547,109,0,1769004901.0,,y3138
1769004918,73221250,73221250,Green-E,0,1769004866.0,,G-10034
1769004918,73851012,73851012,Red,0,1769004889.0,,R-548788D6
1769004918,73901687,73901687,111,0,1769004903.0,,y2062
1769004918,73613643,73613643,Orange,0,1769004878.0,,O-54878E29
1769004918,74122378,74122378,201,0,1769004907.0,,y0778
1769004918,73584828,73584828,57,0,1769004903.0,,y3299
1769004918,73602013,73602013,17,1,1769004900.0,,y1833
1769004918,73870939,73870939,83,0,1769004872.0,,y1925
1769004918,74122806,74122806,245,0,1769004901.0,,y0761
1769004918,73584753,73584753,747,1,1769004901.0,,y3267
1769004918,73902796,73902796,104,0,1769004896.0,,y1970
1769004918,73601962,73601962,16,1,1769004890.0,,y1889
1769004918,74071736,74071736,429,1,1769004908.0,,
1769004918,74122177,74122177,240,1,1769004893.0,,y0831
1769004918,73766805,73766805,743,0,1769004907.0,,y1310
1769004918,74122658,74122658,216,0,,,
1769004918,74360513,74360513,Blue,1,1769004860.0,,B-54878DEA
1769004918,73903222,73903222,90,1,1769004905.0,,y2058
1769004918,73869582,73869582,70,0,1769004908.0,,
1769004918,73766173,73766173,746,0,1769004815.0,,y1319
1769004918,73766348,73766348,741,1,1769004898.0,,y1340
1769004918,74122103,74122103,226,1,1769004898.0,,y0783
1769004918,74071586,74071586,450,0,1769004895.0,,y3126
1769004918,73767241,73767241,39,0,1769004905.0,,y1214
1769004918,73907537,73907537,94,1,1769004902.0,,y1416
1769004918,BasewUpdatedWalpoleTurns-774206-1070,BasewUpdatedWalpoleTurns-774206-1070,CR-Greenbush,1,1769004871.0,,1862
1769004918,73584173,73584173,59,0,1769004896.0,,y3269
1769004918,73221235,73221235,Green-E,1,1769004859.0,,G-10052
1769004918,73584126,73584126,553,0,1769004897.0,,y3234
1769004918,74213775,74213775,24,1,1769004897.0,,y1622
1769004918,73601526,73601526,9,0,1769004899.0,,y1731
1769004918,74213877,74213877,41,1,1769004906.0,,y1632
1769004918,73237346,73237346,Mattapan,1,1769004913.0,,G-10026
1769004918,74071882,74071882,116,1,1769004904.0,,y3346
1769004918,73869646,73869646,70,0,1769004908.0,,
1769004918,73907994,73907994,132,1,1769004872.0,,y0852
1769004918,73220429,73220429,Green-B,0,1769004872.0,,G-10074
1769004918,ADDED-1583474894,ADDED-1583474894,Mattapan,0,1769004914.0,,G-10117
1769004918,73584145,73584145,505,1,1769004901.0,,y3246
1769004918,74213167,74213167,42,0,1769004896.0,,y1601
1769004918,73766906,73766906,743,0,1769004903.0,,y1320
1769004918,73766866,73766866,743,1,1769004896.0,,y1308
1769004918,73907558,73907558,354,1,1769004906.0,,y1408
1769004918,Base-772441-1225,Base-772441-1225,CR-Haverhill,0,1769004890.0,,1827
1769004918,73601830,73601830,1,0,1769004903.0,,y1816
1769004918,73903023,73903023,101,1,1769004894.0,,y1978
1769004918,74122489,74122489,211,1,1769004902.0,,y0803
1769004918,73613800,73613800,Orange,0,1769004834.0,,O-548788C6
1769004918,73767271,73767271,39,0,1769004903.0,,y1265
1769004918,73847028,73847028,Red,1,1769004909.0,,R-54877E2C
1769004918,74122967,74122967,215,1,1769004906.0,,y0762
1769004918,74214709,74214709,14,0,1769004901.0,,y1694
1769004918,73601322,73601322,22,1,1769004901.0,,y1853
1769004918,73767327,73767327,39,1,1769004907.0,,y1262
1769004918,73869653,73869653,70,0,1769004908.0,,
1769004918,73870234,73870234,87,1,1769004873.0,,y3153
1769004918,73851010,73851010,Red,0,1769004890.0,,R-5487896C
1769004918,74122231,74122231,222,0,1769004908.0,,
1769004918,74071329,74071329,114,0,1769004906.0,,y3313
1769004918,74122612,74122612,216,0,1769004908.0,,
1769004918,73613796,73613796,Orange,1,1769004834.0,,O-548788C6
1769004918,73907504,73907504,99,1,1769004880.0,,y1440
1769004918,74213304,74213304,37,1,1769004908.0,,
1769004918,73767388,73767388,39,1,1769004895.0,,y1224
1769004918,73901960,73901960,111,1,1769004903.0,,y2034
1769004918,73908844,73908844,96,0,1769004882.0,,y1448
1769004918,73220461,73220461,Green-B,0,1769004855.0,,G-10029
1769004918,73602516,73602516,15,0,1769004895.0,,y1817
1769004918,74122537,74122537,210,1,1769004881.0,,y0827
1769004918,73902040,73902040,93,1,1769004899.0,,y1407
1769004918,73602500,73602500,45,0,1769004894.0,,y1811
1769004918,73870495,73870495,73,0,1769004902.0,,y2061
1769004918,73584483,73584483,65,1,1769004884.0,,y3233
1769004918,73584570,73584570,57,0,1769004896.0,,y3271
1769004918,74122787,74122787,238,1,1769004813.0,,y0835
1769004918,73869539,73869539,70,0,1769004908.0,,
1769004918,73909502,73909502,104,0,1769004895.0,,y1417
1769004918,74213884,74213884,41,0,1769004903.0,,y1658
1769004918,73602521,73602521,23,0,1769004897.0,,y1793
1769004918,73767248,73767248,39,0,1769004903.0,,y1222
1769004918,74071868,74071868,116,1,1769004908.0,,
1769004918,73869681,73869681,70,0,1769004907.0,,y1947
1769004918,73584514,73584514,57,1,1769004893.0,,y3201
1769004918,73602513,73602513,22,0,1769004896.0,,y1803
1769004918,73584142,73584142,59,0,1769004884.0,,y3289
1769004918,73909987,73909987,112,1,1769004905.0,,y1423
1769004918,74214435,74214435,32,0,1769004903.0,,y1715
1769004918,73584121,73584121,558,0,1769004897.0,,y3253
1769004918,73869650,73869650,70,0,1769004908.0,,
1769004918,BasewUpdatedWalpoleTurns-772949-1726,BasewUpdatedWalpoleTurns-772949-1726,CR-Franklin,1,1769004885.0,,1860
1769004918,73908226,73908226,97,0,1769004902.0,,y1454
1769004918,74071956,74071956,116,1,1769004899.0,,y3125
1769004918,73869534,73869534,70,0,1769004908.0,,
1769004918,73602794,73602794,22,1,1769004900.0,,y1763
1769004918,73601641,73601641,7,1,1769004896.0,,y1724
1769004918,74071687,74071687,426,1,1769004902.0,,y3355
1769004918,73604051,73604051,1,1,1769004895.0,,y1740
1769004918,73870530,73870530,73,0,1769004905.0,,y2069
1769004918,73851005,73851005,Red,0,1769004896.0,,R-54878AFA
1769004918,74122908,74122908,225,1,1769004908.0,,
1769004918,73869622,73869622,70,0,1769004908.0,,
1769004918,74360554,74360554,Blue,0,1769004891.0,,B-54878E33
1769004918,73584136,73584136,59,1,1769004884.0,,y3289
1769004918,73901887,73901887,111,1,1769004890.0,,y2112
1769004918,73901800,73901800,111,0,1769004891.0,,y1955
1769004918,73869598,73869598,70,0,1769004908.0,,
1769004918,74213857,74213857,41,0,1769004898.0,,y1642
1769004918,74071672,74071672,426,0,1769004894.0,,y3100
1769004918,73766945,73766945,749,1,1769004902.0,,y1279
1769004918,73220343,73220343,Green-B,0,1769004912.0,,G-10010
1769004918,73902212,73902212,109,0,1769004905.0,,y2038
1769004918,73603183,73603183,11,0,1769004898.0,,y1797
1769004918,73601656,73601656,9,1,1769004895.0,,y1872
1769004918,73869685,73869685,70,0,1769004908.0,,
1769004918,73846990,73846990,Red,1,1769004627.0,,R-54878E17
1769004918,73908049,73908049,354,1,1769004897.0,,y1406
1769004918,74122289,74122289,230,1,,,
1769004918,73767243,73767243,16,1,1769004903.0,,y1268
1769004918,73870693,73870693,71,0,1769004902.0,,y4216
1769004918,73908743,73908743,93,1,1769004902.0,,y0875
1769004918,73869864,73869864,77,0,1769004899.0,,y2026
1769004918,Base-774621-126,Base-774621-126,CR-Newburyport,1,1769004883.0,,1711
1769004918,73584493,73584493,66,1,1769004858.0,,y3216
1769004918,74071999,74071999,116,0,1769004895.0,,y3346
1769004918,74213263,74213263,26,1,1769004898.0,,y1712
1769004918,74122121,74122121,226,0,1769004905.0,,y0783
1769004918,73766404,73766404,746,1,1769004815.0,,y1319
1769004918,73870529,73870529,73,1,1769004902.0,,y2047
1769004918,74071563,74071563,450,1,1769004895.0,,y3126
1769004918,73601655,73601655,9,1,1769004903.0,,y1791
1769004918,73601334,73601334,23,1,1769004903.0,,y1772
1769004918,74071728,74071728,429,0,1769004906.0,,y3340
1769004918,73847001,73847001,Red,0,1769004908.0,,R-54878E46
1769004918,74213712,74213712,30,0,1769004908.0,,
1769004918,74360540,74360540,Blue,1,1769004879.0,,B-54878E27
1769004918,73766867,73766867,743,0,1769004896.0,,y1308
1769004918,73767041,73767041,749,0,1769004905.0,,y1284
1769004918,74122407,74122407,216,1,1769004908.0,,
1769004918,73901582,73901582,105,1,1769004887.0,,y1950
1769004918,73613801,73613801,Orange,0,1769004878.0,,O-548788F6
1769004918,73604488,73604488,45,1,1769004894.0,,y1811
1769004918,73603641,73603641,7,0,1769004904.0,,y1730
1769004918,74213978,74213978,21,0,1769004908.0,,
1769004918,73869587,73869587,70,0,1769004908.0,,
1769004918,BasewUpdatedWalpoleTurns-772802-926,BasewUpdatedWalpoleTurns-772802-926,CR-Providence,1,1769004879.0,,1811
1769004918,74071501,74071501,436,1,1769004898.0,,y3359
1769004918,73604184,73604184,23,1,1769004906.0,,y1879
1769004918,74071332,74071332,119,0,1769004903.0,,y3351
1769004918,74122525,74122525,210,0,1769004907.0,,y0796
1769004918,73908032,73908032,134,1,1769004906.0,,y1410
1769004918,74213498,74213498,51,1,1769004898.0,,y1695
1769004918,74213312,74213312,50,1,1769004897.0,,y1615
1769004918,74071888,74071888,116,0,1769004907.0,,y3353
1769004918,73613782,73613782,Orange,1,1769004701.0,,O-54878E42
1769004918,74122640,74122640,216,0,,,
1769004918,73766802,73766802,743,1,1769004882.0,,y1310
1769004918,73902539,73902539,109,1,1769004901.0,,y3138
1769004918,74071261,74071261,441,0,1769004908.0,,
1769004918,BasewUpdatedWalpoleTurns-772699-626,BasewUpdatedWalpoleTurns-772699-626,CR-Needham,1,1769004885.0,,1837
1769004918,74214474,74214474,32,1,1769004903.0,,y1672
1769004918,73869209,73869209,75,0,1769004893.0,,y1999
1769004918,73851007,73851007,Red,0,1769004913.0,,R-54878599
1769004918,73766694,73766694,743,1,1769004894.0,,y1323
1769004918,73613654,73613654,Orange,0,1769004898.0,,O-54878E2C
1769004918,73767330,73767330,39,0,1769004901.0,,y1262
1769004918,73909916,73909916,101,0,1769004903.0,,y1446
1769004918,73584854,73584854,45,0,1769004891.0,,y3286
1769004918,73869459,73869459,86,1,1769004898.0,,y2115
1769004918,74122805,74122805,245,0,1769004888.0,,y0792
1769004918,74213568,74213568,40,1,1769004904.0,,y1697
1769004918,73766835,73766835,743,1,1769004895.0,,y1302
1769004918,74214847,74214847,34,0,1769004903.0,,y1666
1769004918,73220384,73220384,Green-B,1,1769004896.0,,G-10114
1769004918,74071418,74071418,442,0,1769004905.0,,y3123
1769004918,73237345,73237345,Mattapan,0,1769004909.0,,G-10026
1769004918,73584029,73584029,65,0,1769004872.0,,y3232
1769004918,74214433,74214433,32,0,1769004905.0,,y1611
1769004918,74214082,74214082,29,0,1769004907.0,,y1692
1769004918,73869778,73869778,77,1,1769004898.0,,y2043
1769004918,73869584,73869584,70,0,1769004908.0,,
1769004918,73221177,73221177,Green-E,1,1769004833.0,,G-10032
1769004918,73868855,73868855,80,0,1769004906.0,,y2105
1769004918,73851016,73851016,Red,0,1769004246.0,,R-54878B7A
1769004918,73767390,73767390,39,0,1769004895.0,,y1224
1769004918,73869620,73869620,61,1,1769004904.0,,y2099
1769004918,BasewUpdatedWalpoleTurns-772661-526,BasewUpdatedWalpoleTurns-772661-526,CR-Worcester,1,1769004866.0,,1848
1769004918,73902381,73902381,106,1,1769004895.0,,y1982
1769004918,73908018,73908018,131,1,1769004907.0,,y1401
1769004918,74213196,74213196,42,0,1769004887.0,,y1637
1769004918,73613727,73613727,Orange,0,1769004898.0,,O-54878E3C
1769004918,73221037,73221037,Green-D,0,1769004898.0,,G-10155
1769004918,73908810,73908810,411,0,1769004876.0,,y0895
1769004918,BasewUpdatedWalpoleTurns-772996-2018,BasewUpdatedWalpoleTurns-772996-2018,CR-NewBedford,1,1769004882.0,,1819
1769004918,74214172,74214172,33,1,1769004903.0,,y1718
1769004918,73870463,73870463,73,0,1769004898.0,,y2047
1769004918,73602379,73602379,7,0,1769004904.0,,y1750
1769004918,73869794,73869794,77,0,1769004897.0,,y2086
1769004918,73909940,73909940,90,1,1769004903.0,,y0843
1769004918,BasewUpdatedWalpoleTurns-774690-1909,BasewUpdatedWalpoleTurns-774690-1909,CR-NewBedford,0,1769004866.0,,1842
1769004918,74122724,74122724,211,1,1769004906.0,,y0817
1769004918,73583967,73583967,66,1,1769004903.0,,y3270
1769004918,73870329,73870329,87,0,1769004901.0,,y3129
1769004918,73902977,73902977,110,0,1769004905.0,,y2076
1769004918,73583964,73583964,66,1,1769004903.0,,y3279
1769004918,73602375,73602375,7,0,1769004904.0,,y1750
1769004918,BasewUpdatedWalpoleTurns-772761-824,BasewUpdatedWalpoleTurns-772761-824,CR-Providence,1,1769004887.0,,1849
1769004918,74214148,74214148,52,1,1769004907.0,,y1603
1769004918,73602399,73602399,15,1,1769004904.0,,y1755
1769004918,Base-772413-414,Base-772413-414,CR-Fitchburg,1,1769004689.0,,1704
1769004918,74122469,74122469,230,1,1769004906.0,,y0906
1769004918,73903215,73903215,101,1,1769004890.0,,y3128
1769004918,73766926,73766926,749,1,1769004904.0,,y1291
1769004918,73601827,73601827,1,0,1769004896.0,,y1892
1769004918,73584758,73584758,747,0,1769004901.0,,y3235
1769004918,74122312,74122312,201,0,1769004890.0,,y0778
1769004918,73767013,73767013,749,1,1769004905.0,,y1284
1769004918,73221239,73221239,Green-E,1,1769004788.0,,G-10065
1769004918,73902464,73902464,95,1,1769004897.0,,y1952
1769004918,74122330,74122330,216,1,1769004906.0,,y0773
1769004918,73869779,73869779,77,1,1769004903.0,,y1972
1769004918,73869245,73869245,78,1,1769004903.0,,y2037
1769004918,73257965,73257965,716,0,1769004571.0,,dLF 951
1769004918,73603419,73603419,19,0,1769004899.0,,y1921
1769004918,74071889,74071889,116,0,1769004903.0,,y3112
1769004918,73220346,73220346,Green-B,1,1769004844.0,,G-10045
1769004918,73257962,73257962,716,1,1769004665.0,,dLF 951
1769004918,73602506,73602506,22,0,1769004895.0,,y1771
1769004918,73851009,73851009,Red,0,1769004881.0,,R-54878A63
1769004918,73869809,73869809,77,1,1769004899.0,,y1933
1769004918,73869542,73869542,70,0,1769004908.0,,
1769004918,73909989,73909989,112,0,1769004907.0,,y1439
1769004918,73870697,73870697,71,0,1769004906.0,,y4215
1769004918,73766111,73766111,741,1,1769004773.0,,y1330
1769004918,74360807,74360807,Blue,0,,,
1769004918,73613811,73613811,Orange,1,1769004906.0,,O-548788B2
1769004918,73601335,73601335,22,1,1769004895.0,,y1771
1769004918,73603345,73603345,19,1,1769004903.0,,y1739
1769004918,73220362,73220362,Green-B,0,1769004896.0,,G-10114
1769004918,74214855,74214855,34E,1,1769004897.0,,y1614
1769004918,73907998,73907998,132,1,1769004907.0,,y1412
1769004918,73901686,73901686,111,0,1769004906.0,,y2106
1769004918,74213323,74213323,35,0,1769004898.0,,y1685
1769004918,74213977,74213977,21,0,1769004899.0,,y1703
1769004918,73908753,73908753,93,0,1769004895.0,,y1432
1769004918,73601340,73601340,22,1,1769004903.0,,y1883
1769004918,74122842,74122842,225,1,1769004907.0,,y0830
1769004918,73908836,73908836,96,1,1769004882.0,,y1448
1769004918,74214846,74214846,34,0,1769004903.0,,y1666
1769004918,73869708,73869708,70,0,1769004908.0,,
1769004918,73601232,73601232,708,0,1769004894.0,,y1871
1769004918,73902807,73902807,104,1,1769004896.0,,y1970
1769004918,74360512,74360512,Blue,0,1769004870.0,,B-54878E18
1769004918,73870010,73870010,62,0,1769004906.0,,y2017
1769004918,73584646,73584646,57,1,1769004892.0,,y3273
1769004918,73903036,73903036,89,1,1769004906.0,,y2074
1769004918,74071645,74071645,455,0,1769004897.0,,y3305
1769004918,74071331,74071331,450,1,1769004885.0,,y3329
1769004918,73870651,73870651,71,1,1769004902.0,,y4216
1769004918,74214907,74214907,34E,1,1769004907.0,,y1673
1769004918,74122141,74122141,240,0,1769004904.0,,y0768
1769004918,73869463,73869463,86,1,1769004900.0,,y2004
1769004918,73902625,73902625,109,0,1769004905.0,,y3158
1769004918,73766016,73766016,751,1,1769004900.0,,y1280
1769004918,74214563,74214563,21,1,1769004905.0,,y1647
1769004918,74213623,74213623,51,0,1769004902.0,,y1695
1769004918,73766757,73766757,743,0,1769004906.0,,y1327
1769004918,74071905,74071905,116,0,1769004898.0,,y3116
1769004918,73604203,73604203,23,0,1769004897.0,,y1793
1769004918,73584825,73584825,57,1,1769004897.0,,y3299
1769004918,74122969,74122969,215,1,1769004903.0,,y0817
1769004918,74214063,74214063,21,1,1769004896.0,,y1703
1769004918,74122841,74122841,225,0,1769004902.0,,y0822
1769004918,73583965,73583965,66,1,1769004897.0,,y3287
1769004918,73584165,73584165,59,0,1769004901.0,,y3217
1769004918,73766298,73766298,751,1,1769004896.0,,y1282
1769004918,73603600,73603600,47,1,1769004905.0,,y1752
1769004918,73851008,73851008,Red,0,1769004856.0,,R-54878E23
1769004918,73902806,73902806,104,1,1769004888.0,,y2014
1769004918,73602264,73602264,15,1,1769004827.0,,y1755
1769004918,73901660,73901660,111,1,1769004894.0,,y1996
1769004918,73584438,73584438,55,0,1769004900.0,,y3284
1769004918,74214469,74214469,32,1,1769004905.0,,y1611
1769004918,73583910,73583910,501,0,1769004905.0,,y3208
1769004918,73765968,73765968,742,0,1769004899.0,,y1305
1769004918,74071203,74071203,456,0,1769004896.0,,y3108
1769004918,73869626,73869626,70,0,1769004908.0,,
1769004918,73869714,73869714,70,0,1769004908.0,,
1769004918,73766224,73766224,751,1,1769004908.0,,
1769004918,73584087,73584087,501,1,1769004850.0,,y0860
1769004918,73870822,73870822,64,1,1769004898.0,,y2101
1769004918,73220428,73220428,Green-B,1,1769004872.0,,G-10074
1769004918,73220934,73220934,Green-D,1,1769004912.0,,G-10019
1769004918,73901655,73901655,111,1,1769004904.0,,y2006
1769004918,73613711,73613711,Orange,1,1769004913.0,,O-54878E38
1769004918,73603180,73603180,11,1,1769004895.0,,y1797
1769004918,74122543,74122543,210,1,1769004903.0,,y0807
1769004918,73603636,73603636,47,1,1769004898.0,,y1832
1769004918,73901889,73901889,111,0,1769004890.0,,y2112
1769004918,74214429,74214429,32,0,1769004890.0,,y1626
1769004918,73584181,73584181,554,0,1769004902.0,,y0861
1769004918,73870821,73870821,64,0,1769004898.0,,y2054
1769004918,73601966,73601966,16,1,1769004899.0,,y1746
1769004918,73601541,73601541,9,0,1769004895.0,,y1872
1769004918,73902952,73902952,110,0,1769004908.0,,
1769004918,73869631,73869631,70,1,1769004904.0,,y1930
1769004918,73909936,73909936,90,0,1769004906.0,,y1416
1769004918,73220498,73220498,Green-B,1,1769004855.0,,G-10029
1769004918,73602702,73602702,10,0,1769004903.0,,y1790
1769004918,73869049,73869049,85,0,1769004891.0,,y2109
1769004918,73584160,73584160,553,0,1769004900.0,,y0864
1769004918,74213677,74213677,38,1,1769004904.0,,y1643
1769004918,74214629,74214629,31,1,1769004900.0,,y1641
1769004918,74071978,74071978,116,1,1769004906.0,,y3334
1769004918,73583960,73583960,66,1,1769004895.0,,y3257
1769004918,73870870,73870870,83,1,1769004904.0,,y2067
1769004918,73869041,73869041,85,1,1769004891.0,,y2109
1769004918,73220910,73220910,Green-D,1,1769004913.0,,G-10108
1769004918,73869954,73869954,76,1,1769004906.0,,y3135
1769004918,74122556,74122556,201,1,1769004890.0,,y0778
1769004918,74122718,74122718,211,0,1769004906.0,,y0761
1769004918,74213855,74213855,41,0,1769004899.0,,y1677
1769004918,74360805,74360805,Blue,0,,,
1769004918,73850908,73850908,Red,1,1769004896.0,,R-54878AFA
1769004918,74071470,74071470,120,1,1769004905.0,,y3117
1769004918,73902802,73902802,104,1,1769004906.0,,y1961
1769004918,74360570,74360570,Blue,1,1769004911.0,,B-54878E50
1769004918,73601536,73601536,9,0,1769004904.0,,y1924
1769004918,73602831,73602831,15,1,1769004899.0,,y1817
1769004918,73584759,73584759,747,1,1769004905.0,,y3210
1769004918,73603179,73603179,7,1,1769004899.0,,y1745
1769004918,74122623,74122623,220,0,1769004898.0,,y0775
1769004918,74071693,74071693,426,1,1769004904.0,,y3100
1769004918,74071553,74071553,451,1,1769004903.0,,y3322
1769004918,73603326,73603326,8,1,1769004897.0,,y1873
1769004918,73603838,73603838,18,0,1769004902.0,,y1798
1769004918,74213650,74213650,38,0,1769004905.0,,y1674
1769004918,74214479,74214479,32,1,1769004890.0,,y1626
1769004918,74122355,74122355,222,1,1769004904.0,,y0903
1769004918,74071646,74071646,455,0,1769004908.0,,
1769004918,73767235,73767235,39,0,1769004900.0,,y1253
1769004918,73602517,73602517,15,0,1769004904.0,,y1755
1769004918,73603370,73603370,17,1,1769004903.0,,y1854
1769004918,73601646,73601646,9,1,1769004904.0,,y1825
1769004918,73583842,73583842,66,0,1769004904.0,,y3242
1769004918,73868982,73868982,67,0,1769004890.0,,y2117
1769004918,74071355,74071355,119,1,1769004906.0,,y3351
1769004918,73604053,73604053,1,1,1769004895.0,,y1829
1769004918,73869580,73869580,70,0,1769004908.0,,
1769004918,73870595,73870595,73,0,1769004902.0,,y1949
1769004918,73870074,73870074,69,1,1769004907.0,,y2005
1769004918,73584771,73584771,747,1,1769004901.0,,y3235
1769004918,73602520,73602520,23,0,1769004901.0,,y1901
1769004918,73870214,73870214,88,1,1769004904.0,,y2093
1769004918,74071321,74071321,114,0,1769004901.0,,y3313
1769004918,73870637,73870637,71,1,1769004872.0,,y3133
1769004918,73766563,73766563,28,0,1769004899.0,,y1250
1769004918,73870528,73870528,73,1,1769004894.0,,y2036
1769004918,73604178,73604178,23,0,1769004903.0,,y1772
1769004918,73902792,73902792,104,0,1769004895.0,,y2064
1769004918,73602508,73602508,15,0,1769004905.0,,y1722
1769004918,73766840,73766840,743,0,1769004904.0,,y1302
1769004918,73903328,73903328,100,1,1769004895.0,,y1932
1769004918,73584115,73584115,553,0,1769004904.0,,y3234
1769004918,73602350,73602350,16,0,1769004890.0,,y1889
1769004918,73601531,73601531,9,0,1769004904.0,,y1825
1769004918,73613642,73613642,Orange,1,1769004898.0,,O-54878E28
1769004918,73766163,73766163,741,1,1769004903.0,,y1334
1769004918,73870544,73870544,71,0,1769004898.0,,y3143
1769004918,73221233,73221233,Green-E,1,1769004915.0,,G-10043
1769004918,74071368,74071368,119,0,1769004895.0,,y3319
1769004918,74071298,74071298,435,1,1769004904.0,,y3304
1769004918,74071206,74071206,456,1,1769004896.0,,y3108
1769004918,74214071,74214071,29,1,1769004907.0,,y1653
1769004918,74122452,74122452,222,0,1769004904.0,,y0903
1769004918,73869460,73869460,86,0,1769004902.0,,y1995
1769004918,73766185,73766185,751,1,1769004900.0,,y1280
1769004918,73902954,73902954,110,0,1769004876.0,,y3144
1769004918,74213469,74213469,40,1,1769004893.0,,y1705
1769004918,73767233,73767233,39,0,1769004904.0,,y1254
1769004918,73869469,73869469,86,1,1769004900.0,,y2089
1769004918,73902462,73902462,95,0,1769004890.0,,y3128
1769004918,73901695,73901695,111,1,1769004895.0,,y2106
1769004918,73221027,73221027,Green-D,0,1769004889.0,,G-10039
1769004918,73603372,73603372,19,1,1769004899.0,,y1921
1769004918,74360813,74360813,Blue,0,,,
1769004918,73765988,73765988,751,0,1769004906.0,,y1277
1769004918,73902285,73902285,137,1,1769004906.0,,y2056
1769004918,74122243,74122243,202,0,1769004893.0,,y0829
1769004918,73604197,73604197,23,0,1769004905.0,,y1835
1769004918,73767075,73767075,749,1,1769004894.0,,y1275
1769004918,74214658,74214658,21,0,1769004902.0,,y1678
1769004918,73602505,73602505,44,0,1769004908.0,,y1807
1769004918,ADDED-1583474864,ADDED-1583474864,Red,1,1769004900.0,,R-54878E19
1769004918,74071493,74071493,442,1,1769004901.0,,y3342
1769004918,74213174,74213174,42,1,1769004887.0,,y1637
1769004918,74213523,74213523,37,0,1769004908.0,,
1769004918,73584103,73584103,65,1,1769004872.0,,y3232
1769004918,73767111,73767111,749,1,1769004894.0,,y1275
1769004918,73602271,73602271,15,1,1769004896.0,,y1722
1769004918,73869715,73869715,70,1,1769004902.0,,y1951
1769004918,73766069,73766069,741,0,1769004752.0,,y1334
1769004918,73220779,73220779,Green-C,0,1769004854.0,,G-10054
1769004918,73767095,73767095,749,0,1769004894.0,,y1275
1769004918,Base-774593-24,Base-774593-24,CR-Newburyport,1,1769004866.0,,1722
1769004918,73766933,73766933,749,0,1769004904.0,,y1291
1769004918,74213598,74213598,36,0,1769004903.0,,y1717
1769004918,73601470,73601470,708,1,1769004901.0,,y1760
1769004918,73613785,73613785,Orange,0,1769004901.0,,O-54878E4F
1769004918,73869875,73869875,77,1,1769004895.0,,y2026
1769004918,73851011,73851011,Red,0,1769004783.0,,R-54877876
1769004918,73221247,73221247,Green-E,1,1769004766.0,,G-10152
1769004918,73766931,73766931,749,1,1769004899.0,,y1279
1769004918,73602171,73602171,1,1,1769004899.0,,y1864
1769004918,73601961,73601961,16,1,1769004904.0,,y1761
1769004918,73766925,73766925,749,0,1769004899.0,,y1279
1769004918,BasewUpdatedWalpoleTurns-772664-530,BasewUpdatedWalpoleTurns-772664-530,CR-Worcester,1,1769004862.0,,1851
1769004918,73869940,73869940,62,0,1769004900.0,,y3135
1769004918,73869215,73869215,75,1,1769004902.0,,y2003
1769004918,73221178,73221178,Green-E,1,1769004908.0,,G-10021
1769004918,73220690,73220690,Green-C,1,1769004886.0,,G-10096
1769004918,73584144,73584144,505,0,1769004905.0,,y3246
1769004918,73870212,73870212,88,0,1769004906.0,,y3151
1769004918,74071280,74071280,435,0,1769004908.0,,
1769004918,73221253,73221253,Green-E,1,1769004895.0,,G-10016
1769004918,73584639,73584639,57,1,1769004895.0,,y3227
1769004918,73613805,73613805,Orange,1,1769004901.0,,O-548788E5
1769004918,73869618,73869618,61,0,1769004898.0,,y1969
1769004918,73907535,73907535,94,1,1769004907.0,,y0843
1769004918,73613791,73613791,Orange,1,1769004909.0,,O-54878909
1769004918,73220397,73220397,Green-B,0,1769004911.0,,G-10098
1769004918,73909167,73909167,95,1,1769004902.0,,y0875
1769004918,73766198,73766198,751,0,1769004908.0,,
1769004918,74122310,74122310,216,1,1769004908.0,,
1769004918,73220761,73220761,Green-C,0,1769004911.0,,G-10153
1769004918,73901792,73901792,111,0,1769004892.0,,y1955
1769004918,73584107,73584107,501,1,1769004902.0,,y3200
1769004918,73602842,73602842,43,0,1769004900.0,,y1742
1769004918,73909099,73909099,106,0,1769004876.0,,y1440
1769004918,73766946,73766946,749,0,1769004904.0,,y1291
1769004918,73765939,73765939,742,1,1769004878.0,,y1306
1769004918,74071867,74071867,116,1,1769004908.0,,
1769004918,73870232,73870232,88,0,1769004873.0,,y3153
1769004918,73604477,73604477,45,0,1769004894.0,,y1811
1769004918,73601328,73601328,22,1,1769004907.0,,y1845
1769004918,73869457,73869457,86,1,1769004905.0,,y1995
1769004918,73901652,73901652,111,0,1769004886.0,,y1934
1769004918,73603380,73603380,44,1,1769004897.0,,y1812
1769004918,73583845,73583845,66,0,1769004907.0,,y1885
1769004918,73850905,73850905,Red,1,1769004908.0,,R-54878656
1769004918,74213375,74213375,36,1,1769004903.0,,y1717
1769004918,73221241,73221241,Green-E,1,1769004914.0,,G-10162
1769004918,73220710,73220710,Green-C,0,1769004884.0,,G-10140
1769004918,73847017,73847017,Red,0,1769004909.0,,R-54877E2C
1769004918,73766543,73766543,28,0,1769004904.0,,y1209
1769004918,73601327,73601327,22,1,1769004903.0,,y1753
1769004918,74071509,74071509,436,0,1769004906.0,,y3359
1769004918,73869634,73869634,70,1,1769004903.0,,y2033
1769004918,73584149,73584149,553,1,1769004897.0,,y3234
1769004918,ADDED-1583474832,ADDED-1583474832,Red,1,1769004851.0,,R-5487805B
1769004918,74122603,74122603,216,0,1769004905.0,,y0802
1769004918,73870211,73870211,88,1,1769004897.0,,y2007
1769004918,73766599,73766599,28,1,1769004899.0,,y1269
1769004918,73869544,73869544,70,0,1769004908.0,,
1769004918,74122352,74122352,230,0,1769004888.0,,y0792
1769004918,73870876,73870876,83,0,1769004898.0,,y2067
1769004918,73583753,73583753,60,1,1769004858.0,,y3205
1769004918,73869610,73869610,70,0,1769004908.0,,
1769004918,73907524,73907524,134,0,1769004905.0,,y1402
1769004918,73613797,73613797,Orange,1,1769004907.0,,O-548788B5
1769004918,73908907,73908907,430,1,1769004907.0,,y1409
1769004918,74360506,74360506,Blue,0,1769004860.0,,B-54878E50
1769004918,73870206,73870206,88,1,1769004900.0,,y2093
1769004918,73909988,73909988,112,0,1769004877.0,,y1437
1769004918,73602514,73602514,15,0,1769004901.0,,y1735
1769004918,73767357,73767357,39,1,1769004893.0,,y1259
1769004918,74214854,74214854,34,1,1769004894.0,,y1696
1769004918,73584049,73584049,505,1,1769004903.0,,y3244
1769004918,74122926,74122926,215,0,1769004903.0,,y0807
1769004918,73220445,73220445,Green-B,0,1769004902.0,,G-10027
1769004918,BasewUpdatedWalpoleTurns-772762-825,BasewUpdatedWalpoleTurns-772762-825,CR-Providence,0,1769004892.0,,1843
1769004918,73603396,73603396,19,0,1769004894.0,,y1840
1769004918,73869243,73869243,75,1,1769004897.0,,y2078
1769004918,73584345,73584345,504,1,1769004900.0,,y0900
1769004918,73603604,73603604,47,1,1769004899.0,,y1786
1769004918,73601230,73601230,17,0,1769004900.0,,y1833
1769004918,73869250,73869250,78,0,1769004905.0,,y2003
1769004918,73766907,73766907,743,1,1769004907.0,,y1320
1769004918,73766541,73766541,28,1,1769004906.0,,y1260
1769004918,73766007,73766007,742,1,1769004899.0,,y1305
1769004918,73869251,73869251,74,0,1769004890.0,,y2070
1769004918,73601535,73601535,9,0,1769004899.0,,y1872
1769004918,73901215,73901215,91,0,1769004902.0,,y2092
1769004918,74122140,74122140,240,0,1769004833.0,,y0799
1769004918,73604063,73604063,1,1,1769004906.0,,y1813
1769004918,73869238,73869238,78,1,1769004899.0,,y2037
1769004918,73846979,73846979,Red,0,1769004153.0,,R-54878E15
1769004918,BasewUpdatedWalpoleTurns-772764-828,BasewUpdatedWalpoleTurns-772764-828,CR-Providence,1,1769004872.0,,1850
1769004918,74214073,74214073,29,0,1769004902.0,,y1653
1769004918,73870299,73870299,87,1,1769004901.0,,y2035
1769004918,73870145,73870145,69,0,1769004887.0,,y2113
1769004918,73601233,73601233,16,0,1769004889.0,,y1903
1769004918,73902598,73902598,109,0,1769004895.0,,y2040
1769004918,73909749,73909749,101,1,1769004908.0,,
1769004918,73584576,73584576,57,0,1769004897.0,,y3291
1769004918,73602216,73602216,44,1,1769004900.0,,y1807
1769004918,73584133,73584133,501,1,1769004902.0,,y3223
1769004918,73584340,73584340,504,1,1769004897.0,,y3255
1769004918,73766540,73766540,28,1,1769004636.0,,y1219
1769004918,73765905,73765905,742,0,1769004878.0,,y1306
1769004918,73584397,73584397,504,1,1769004906.0,,y3203
1769004918,73870215,73870215,88,0,1769004906.0,,y2007
1769004918,73257509,73257509,713,0,1769004912.0,,
1769004918,73907503,73907503,94,0,1769004903.0,,y1453
1769004918,74213156,74213156,42,1,1769004899.0,,y1601
1769004918,74214007,74214007,21,1,1769004899.0,,y1623
1769004918,73220886,73220886,Green-D,1,1769004854.0,,G-10160
1769004918,73909030,73909030,108,1,1769004903.0,,y1427
1769004918,73766162,73766162,741,0,1769004773.0,,y1330
1769004918,73603357,73603357,16,1,1769004896.0,,y1863
1769004918,74122381,74122381,202,0,1769004893.0,,y0829
1769004918,74214623,74214623,31,0,1769004900.0,,y1641
1769004918,Base-774620-125,Base-774620-125,CR-Newburyport,0,1769004875.0,,1807
1769004918,73584754,73584754,747,0,1769004905.0,,y3238
1769004918,74360530,74360530,Blue,0,1769004857.0,,B-54878E24
1769004918,74071866,74071866,116,1,1769004901.0,,y3353
1769004918,73584637,73584637,57,1,1769004904.0,,y0901
1769004918,73221005,73221005,Green-D,0,1769004913.0,,G-10017
1769004918,73601643,73601643,9,1,1769004813.0,,y3218
1769004918,73583768,73583768,65,1,1769004900.0,,y3284
1769004918,73901657,73901657,111,1,1769004905.0,,y1994
1769004918,73869679,73869679,70,1,1769004902.0,,y1947
1769004918,73869249,73869249,74,1,1769004890.0,,y2070
1769004918,73765759,73765759,741,0,1769004824.0,,y1333
1769004918,73869951,73869951,76,1,1769004889.0,,y2077
1769004918,73602524,73602524,22,0,1769004901.0,,y1853
1769004918,73869655,73869655,70,0,1769004908.0,,
1769004918,74071692,74071692,426,0,1769004906.0,,y3355
1769004918,73909723,73909723,101,1,1769004884.0,,y1456
1769004918,73902699,73902699,104,1,1769004899.0,,y2082
1769004918,73221182,73221182,Green-E,0,1769004833.0,,G-10032
1769004918,74071697,74071697,429,0,1769004897.0,,y3121
1769004918,74122349,74122349,236,1,1769004901.0,,y0775
1769004918,74122929,74122929,215,0,1769004908.0,,
1769004918,73902326,73902326,108,0,1769004887.0,,y2052
1769004918,73603176,73603176,7,1,1769004897.0,,y1908
1769004918,73901795,73901795,111,1,1769004891.0,,y1955
1769004918,74122544,74122544,210,1,1769004908.0,,
1769004918,74214856,74214856,34E,1,1769004905.0,,y1714
1769004918,74122201,74122201,240,1,1769004833.0,,y0799
1769004918,74071954,74071954,116,0,1769004899.0,,y3125
1769004918,74122200,74122200,240,1,1769004817.0,,y0763
1769004918,73902795,73902795,104,0,1769004896.0,,y1961
1769004918,73584861,73584861,45,1,1769004872.0,,y3226
1769004918,74122873,74122873,225,0,1769004904.0,,y0803
1769004918,73584162,73584162,553,1,1769004902.0,,y0864
1769004918,74122910,74122910,225,1,1769004759.0,,y0902
1769004918,73584329,73584329,505,1,1769004906.0,,y3228
1769004918,73602404,73602404,15,1,1769004904.0,,y1895
1769004918,73220611,73220611,Green-C,0,1769004850.0,,G-10067
1769004918,73766806,73766806,743,1,1769004882.0,,y1310
1769004918,74214440,74214440,32,0,1769004904.0,,y1713
1769004918,73870826,73870826,64,1,1769004905.0,,y2065
1769004918,73870654,73870654,71,0,1769004903.0,,y1962
1769004918,73603446,73603446,8,0,1769004895.0,,y1777
1769004918,73584575,73584575,57,0,1769004900.0,,y3239
1769004918,74360519,74360519,Blue,1,1769004870.0,,B-54878E18
1769004918,73869616,73869616,70,0,1769004887.0,,y2085
1769004918,73613794,73613794,Orange,0,1769004909.0,,O-54878909
1769004918,73902041,73902041,93,0,1769004899.0,,y1407
1769004918,74122104,74122104,226,1,1769004906.0,,y0824
1769004918,73602012,73602012,17,1,1769004906.0,,y1833
1769004918,73869423,73869423,86,0,1769004898.0,,y2115
1769004918,73584569,73584569,57,0,1769004905.0,,y3291
1769004918,73603547,73603547,47,1,1769004901.0,,y1893
1769004918,74122533,74122533,210,0,1769004903.0,,y0807
1769004918,74213303,74213303,50,0,1769004908.0,,
1769004918,73602783,73602783,9,1,1769004896.0,,y1892
1769004918,74214434,74214434,32,0,1769004886.0,,y1648
1769004918,74214565,74214565,21,0,1769004905.0,,y1647
1769004918,73603513,73603513,19,1,1769004893.0,,y1764
1769004918,73901178,73901178,91,1,1769004902.0,,y2092
1769004918,73601815,73601815,1,0,1769004895.0,,y1740
1769004918,73584343,73584343,504,1,1769004897.0,,y3255
1769004918,73220631,73220631,Green-C,0,1769004875.0,,G-10072
1769004918,73601337,73601337,23,1,1769004895.0,,y1776
1769004918,73870877,73870877,83,1,1769004898.0,,y2067
1769004918,74122909,74122909,225,0,1769004908.0,,
1769004918,74214174,74214174,33,0,1769004903.0,,y1718
1769004918,73869953,73869953,76,0,1769004889.0,,y2077
1769004918,73870470,73870470,73,1,1769004906.0,,y3152
1769004918,73603441,73603441,8,1,1769004905.0,,y1777
1769004918,73903325,73903325,100,1,1769004906.0,,y1968
1769004918,73584752,73584752,747,0,1769004902.0,,y3210
1769004918,73601822,73601822,1,0,1769004887.0,,y1720
1769004918,74122575,74122575,220,1,1769004904.0,,y0758
1769004918,73584459,73584459,60,1,1769004905.0,,y3288
1769004918,74122570,74122570,216,0,1769004904.0,,y0833
1769004918,74213620,74213620,51,0,1769004908.0,,
1769004918,74213787,74213787,24,0,1769004897.0,,y1622
1769004918,73870210,73870210,88,1,1769004905.0,,y2103
1769004918,73220797,73220797,Green-C,0,1769004822.0,,G-10057
1769004918,73869430,73869430,86,1,1769004898.0,,y2089
1769004918,74214580,74214580,31,1,1769004905.0,,y1647
1769004918,73257508,73257508,713,1,1769004912.0,,
1769004918,73583846,73583846,66,0,1769004882.0,,y3229
1769004918,73868873,73868873,80,0,1769004902.0,,y2023
1769004918,73869600,73869600,70,0,1769004908.0,,
1769004918,BasewUpdatedWalpoleTurns-774201-1061,BasewUpdatedWalpoleTurns-774201-1061,CR-Greenbush,0,1769004878.0,,1845
1769004918,74071506,74071506,436,1,1769004904.0,,y3124
1769004918,74213462,74213462,40,1,1769004906.0,,y1705
1769004918,73220708,73220708,Green-C,1,1769004884.0,,G-10140
1769004918,73869781,73869781,77,0,1769004905.0,,y2043
1769004918,73767300,73767300,39,1,1769004905.0,,y1258
1769004918,73766066,73766066,741,0,1769004904.0,,y1340
1769004918,74122459,74122459,230,0,1769004907.0,,y0764
1769004918,73584820,73584820,66,0,1769004895.0,,y3257
1769004918,73868856,73868856,80,0,1769004898.0,,y2105
1769004918,73583841,73583841,66,0,1769004907.0,,y0885
1769004918,73613786,73613786,Orange,1,1769004748.0,,O-54878E49
1769004918,73604191,73604191,23,1,1769004905.0,,y1855
1769004918,73902804,73902804,104,1,1769004905.0,,y2042
1769004918,73766175,73766175,751,0,1769004901.0,,y1277
1769004918,73869557,73869557,70,0,1769004908.0,,
1769004918,73869612,73869612,70,1,1769004902.0,,y1977
1769004918,73767160,73767160,749,0,1769004899.0,,y1278
1769004918,73902052,73902052,93,0,1769004902.0,,y2028
1769004918,73602518,73602518,22,0,1769004900.0,,y1845
1769004918,73766905,73766905,743,1,1769004903.0,,y1320
1769004918,73869816,73869816,77,0,1769004899.0,,y1933
1769004918,74360531,74360531,Blue,1,1769004857.0,,B-54878E24
1769004918,73584371,73584371,504,0,1769004900.0,,y0900
1769004918,Base-774592-27,Base-774592-27,CR-Newburyport,0,1769004883.0,,1806
1769004918,73766693,73766693,743,0,1769004907.0,,y1318
1769004918,73846984,73846984,Red,1,,,
1769004918,73902947,73902947,110,1,1769004908.0,,
1769004918,73868996,73868996,67,1,1769004908.0,,
1769004918,73850906,73850906,Red,1,1769004911.0,,R-54876C61
1769004918,74122413,74122413,216,1,,,
1769004918,73584518,73584518,57,1,1769004892.0,,y3273
1769004918,74213468,74213468,40,0,1769004904.0,,y1697
1769004918,73869828,73869828,77,1,1769004899.0,,y1933
1769004918,74213370,74213370,36,1,1769004899.0,,y1619
1769004918,73604045,73604045,1,1,1769004887.0,,y1720
1769004918,74071920,74071920,116,1,1769004906.0,,y3318
1769004918,74213673,74213673,38,1,1769004905.0,,y1674
1769004918,73257874,73257874,714,0,1769004905.0,,dLF 958
1769004918,73613653,73613653,Orange,1,1769004878.0,,O-54878E29
1769004918,73583971,73583971,66,1,1769004898.0,,y3242
1769004918,73902988,73902988,110,1,1769004898.0,,y2076
1769004918,73221047,73221047,Green-D,0,1769004909.0,,G-10049
1769004918,74213264,74213264,26,0,1769004895.0,,y1712
1769004918,73901958,73901958,111,0,1769004903.0,,y2034
1769004918,73902949,73902949,110,0,1769004891.0,,y2032
1769004918,73909098,73909098,106,1,1769004906.0,,y1413
1769004918,73846973,73846973,Red,0,1769004900.0,,R-54878E19
1769004918,73583795,73583795,10,1,1769004854.0,,y3202
1769004918,74214860,74214860,34E,0,1769004908.0,,
1769004918,73869686,73869686,70,0,1769004908.0,,
1769004918,73766527,73766527,28,1,1769004900.0,,y1216
1769004918,73603602,73603602,47,0,1769004907.0,,y1786
1769004918,74071369,74071369,119,0,1769004900.0,,y3319
1769004918,73613692,73613692,Orange,0,1769004907.0,,O-54878E32
1769004918,73584498,73584498,4,1,1769004885.0,,y3277
1769004918,73584163,73584163,59,1,1769004901.0,,y3217
1769004918,73846978,73846978,Red,1,1769004153.0,,R-54878E15
1769004918,73907502,73907502,94,1,1769004903.0,,y1453
1769004918,73868874,73868874,80,1,1769004904.0,,y1941
1769004918,73869633,73869633,70,1,1769004887.0,,y2085
1769004918,73220477,73220477,Green-B,0,1769004909.0,,G-10042
1769004918,73870479,73870479,73,1,1769004904.0,,y2036
1769004918,73766169,73766169,746,0,1769004815.0,,y1319
1769004918,73870674,73870674,71,1,1769004904.0,,y4216
1769004918,73901959,73901959,111,1,1769004906.0,,y2034
1769004918,73603330,73603330,16,0,1769004898.0,,y1863
1769004918,73847022,73847022,Red,1,1769004896.0,,R-548788A8
1769004918,74071214,74071214,435,0,1769004907.0,,y3344
1769004918,73902463,73902463,95,0,1769004897.0,,y1952
1769004918,73603082,73603082,23,1,1769004908.0,,y1901
1769004918,73613675,73613675,Orange,0,1769004741.0,,O-54878E30
1769004918,73583970,73583970,66,1,1769004902.0,,y3243
1769004918,73583760,73583760,65,1,1769004903.0,,y3271
1769004918,73766753,73766753,743,1,1769004902.0,,y1327
1769004918,74071212,74071212,435,1,1769004871.0,,y3357
1769004918,73603549,73603549,47,0,1769004897.0,,y1893
1769004918,74122772,74122772,238,0,1769004908.0,,
1769004918,73870291,73870291,87,1,1769004891.0,,y2071
1769004918,74071909,74071909,116,0,1769004839.0,,y3326
1769004918,73602221,73602221,44,1,1769004903.0,,y1815
1769004918,74122592,74122592,216,0,,,
1769004918,73870621,73870621,73,1,1769004872.0,,y3133
1769004918,73766696,73766696,743,1,1769004895.0,,y1318
1769004918,73767365,73767365,39,1,1769004893.0,,y1259
1769004918,73909031,73909031,108,1,1769004905.0,,y0879
1769004918,73767280,73767280,39,1,1769004902.0,,y1256
1769004918,BasewUpdatedWalpoleTurns-772660-521,BasewUpdatedWalpoleTurns-772660-521,CR-Worcester,0,1769004875.0,,1856
1769004918,BasewUpdatedWalpoleTurns-772902-1626,BasewUpdatedWalpoleTurns-772902-1626,CR-Fairmount,1,1769004884.0,,1810
1769004918,73902601,73902601,109,0,1769004889.0,,y1948
1769004918,73847002,73847002,Red,1,1769004908.0,,R-54878E46
1769004918,BasewUpdatedWalpoleTurns-772982-1972,BasewUpdatedWalpoleTurns-772982-1972,CR-NewBedford,1,1769004884.0,,1864
1769004918,73601653,73601653,7,1,1769004904.0,,y1730
1769004918,74214601,74214601,31,1,1769004904.0,,y1719
1769004918,73220434,73220434,Green-B,0,1769004844.0,,G-10045
1769004918,74071307,74071307,120,0,1769004898.0,,y3117
1769004918,73583836,73583836,66,0,1769004905.0,,y3243
1769004918,73902379,73902379,106,0,1769004895.0,,y1982
1769004918,73584442,73584442,65,1,1769004881.0,,y3285
1769004918,Base-772409-407,Base-772409-407,CR-Fitchburg,0,1769004878.0,,1703
1769004918,73604066,73604066,1,1,1769004902.0,,y1787
1769004918,73221252,73221252,Green-E,0,1769004914.0,,G-10094
1769004918,ADDED-1583474831,ADDED-1583474831,Red,1,1769004889.0,,R-548788D6
1769004918,73870315,73870315,87,0,1769004903.0,,y2035
1769004918,73766838,73766838,743,0,1769004895.0,,y1302
1769004918,73869458,73869458,86,0,1769004898.0,,y2089
1769004918,74214477,74214477,32,1,1769004691.0,,y1626
1769004918,73601824,73601824,1,0,1769004906.0,,y1850
1769004918,73602519,73602519,22,0,1769004903.0,,y1753
1769004918,74071872,74071872,116,0,1769004899.0,,y3127
1769004918,73907520,73907520,354,1,1769004903.0,,y1420
1769004918,73869210,73869210,74,0,1769004900.0,,y1975
1769004918,73766400,73766400,746,0,1769004815.0,,y1319
1769004918,73902042,73902042,93,1,1769004902.0,,y2028
1769004918,73765797,73765797,751,0,1769004905.0,,y1289
1769004918,73903026,73903026,89,1,1769004890.0,,y1978
1769004918,74071254,74071254,441,1,1769004880.0,,y3312
1769004918,73902239,73902239,109,0,1769004871.0,,y3154
1769004918,74122968,74122968,215,1,1769004908.0,,
1769004918,73870025,73870025,62,1,1769004906.0,,y2055
1769004918,73767256,73767256,39,1,1769004905.0,,y1264
1769004918,73603186,73603186,7,0,1769004899.0,,y1745
1769004918,73869654,73869654,70,0,1769004908.0,,
1769004918,74213268,74213268,26,1,1769004895.0,,y1712
1769004918,73766538,73766538,28,1,1769004904.0,,y1220
1769004918,74071887,74071887,116,0,1769004904.0,,y3102
1769004918,73584450,73584450,55,1,1769004900.0,,y3284
1769004918,73602502,73602502,22,0,1769004907.0,,y1763
1769004918,73601654,73601654,11,1,1769004906.0,,y1884
1769004918,BasewUpdatedWalpoleTurns-774177-1016,BasewUpdatedWalpoleTurns-774177-1016,CR-Kingston,1,1769004869.0,,1857
1769004918,74122363,74122363,202,1,1769004893.0,,y0829
1769004918,BasewUpdatedWalpoleTurns-772698-625,BasewUpdatedWalpoleTurns-772698-625,CR-Needham,0,1769004884.0,,1831
1769004918,73766602,73766602,28,0,1769004899.0,,y1269
1769004918,73602734,73602734,16,0,1769004905.0,,y1889
