feed_timestamp,entity_id,vehicle_id,vehicle_label,vehicle_license_plate,trip_id,route_id,direction_id,stop_id,vehicle_timestamp,current_status,current_stop_sequence,lat,lon,bearing,speed
1769004918,y2057,y2057,2057,,73903007,110,0.0,52713,1769004914,1,1.0,42.386329650878906,-71.0768051147461,319.0,
1769004918,y1641,y1641,1641,,74214608,21,1.0,545,1769004913,2,17.0,42.292850494384766,-71.09622955322266,341.0,
1769004918,y3314,y3314,3314,,74071602,455,1.0,16126,1769004911,2,24.0,42.48515319824219,-70.9039077758789,258.0,
1769004918,y1925,y1925,1925,,73870944,83,1.0,2425,1769004872,1,1.0,42.39400863647461,-71.13813781738281,180.0,
1769004918,B-54878E2D,B-54878E2D,0713,,74360536,Blue,0.0,70047,1769004896,0,60.0,42.37548828125,-71.02922821044922,225.0,
1769004918,y2101,y2101,2101,,73870827,64,0.0,11971,1769004910,1,19.0,42.35649108886719,-71.14176177978516,270.0,
1769004918,y1815,y1815,1815,,73602219,44,1.0,11149,1769004915,1,22.0,42.33103561401367,-71.08940887451172,287.0,
1769004918,G-10086,G-10086,3841-3636,,73221086,Green-D,1.0,70501,1769004914,0,650.0,42.367088317871094,-71.06845092773438,305.0,6.699999809265137
1769004918,dLF 958,dLF 958,LF 958,,73257871,714,1.0,111248,1769004915,2,18.0,42.259620666503906,-70.84545135498047,232.0,
1769004918,y1820,y1820,1820,,73601652,10,1.0,33,1769004904,1,1.0,42.33864974975586,-71.03186798095703,90.0,
1769004918,G-10149,G-10149,3659-3828,,ADDED-1583474892,Green-C,0.0,70237,1769004358,1,440.0,42.33625030517578,-71.14901733398438,225.0,
1769004918,G-10035,G-10035,3675-3881,,73221184,Green-E,0.0,70510,1769004909,0,5.0,42.401039123535156,-71.11190032958984,151.0,8.600000381469727
1769004918,y2059,y2059,2059,,73870046,69,1.0,1400,1769004910,2,3.0,42.375667572021484,-71.1151351928711,,
1769004918,y2082,y2082,2082,,73902727,104,1.0,70961,1769004912,2,34.0,42.38496780395508,-71.02224731445312,189.0,
1769004918,y1658,y1658,1658,,74213904,41,1.0,11531,1769004912,2,11.0,42.323509216308594,-71.09854125976562,353.0,
1769004918,y1747,y1747,1747,,73602711,10,0.0,855,1769004915,1,13.0,42.33322525024414,-71.07331085205078,186.0,
1769004918,G-10100,G-10100,3842-3634,,73220957,Green-D,0.0,70163,1769004886,1,560.0,42.332889556884766,-71.24327087402344,315.0,6.300000190734863
1769004918,y1274,y1274,1274,,73766211,751,1.0,6565,1769004915,1,10.0,42.35053253173828,-71.06333923339844,34.0,
1769004918,y1407,y1407,1407,,73902049,93,0.0,2862,1769004914,1,12.0,42.37876892089844,-71.06149291992188,,
1769004918,y1999,y1999,1999,,73869247,75,0.0,76126,1769004908,1,1.0,42.37334060668945,-71.12019348144531,90.0,
1769004918,y0758,y0758,0758,,74122675,220,0.0,3515,1769004913,2,2.0,42.25261688232422,-71.00509643554688,139.0,
1769004918,B-54878E3F,B-54878E3F,0733,,74360564,Blue,1.0,70050,1769004885,0,60.0,42.37538146972656,-71.029052734375,45.0,
1769004918,y1454,y1454,1454,,73908213,97,0.0,45416,1769004910,2,18.0,42.4178466796875,-71.07542419433594,,
1769004918,y1862,y1862,1862,,73604044,1,1.0,84,1769004915,2,16.0,42.34095001220703,-71.0822525024414,126.0,
1769004918,y1781,y1781,1781,,73601326,22,1.0,1221,1769004916,1,26.0,42.32945251464844,-71.09603881835938,27.0,
1769004918,y1406,y1406,1406,,73908048,354,0.0,49919,1769004914,2,19.0,42.47829055786133,-71.15521240234375,231.0,
1769004918,G-10006,G-10006,3660-3815,,73221245,Green-E,1.0,70254,1769004911,0,470.0,42.33256149291992,-71.11112213134766,45.0,5.400000095367432
1769004918,y3136,y3136,3136,,73901536,92,0.0,6548,1769004884,1,1.0,42.35702133178711,-71.05747985839844,180.0,
1769004918,y3205,y3205,3205,,73584033,60,0.0,1533,1769004906,2,20.0,42.329681396484375,-71.12608337402344,0.0,
1769004918,y3144,y3144,3144,,73902959,110,1.0,15797,1769004878,1,1.0,42.41307067871094,-70.99224853515625,45.0,
1769004918,y3200,y3200,3200,,73584153,501,0.0,1190,1769004912,2,8.0,42.360694885253906,-71.1194076538086,251.0,
1769004918,y1639,y1639,1639,,74213848,42,0.0,1178,1769004914,1,2.0,42.32740020751953,-71.0872802734375,214.0,
1769004918,y1760,y1760,1760,,73601228,708,0.0,1799,1769004914,2,7.0,42.33573913574219,-71.09068298339844,308.0,
1769004918,G-10102,G-10102,3853-3662,,73220410,Green-B,0.0,70155,1769004896,0,110.0,42.35163879394531,-71.07171630859375,240.0,
1769004918,y1746,y1746,1746,,73602728,16,0.0,134,1769004899,1,14.0,42.3206901550293,-71.06173706054688,135.0,
1769004918,G-10072,G-10072,3817-3641,,73220630,Green-C,1.0,70200,1769004875,1,600.0,42.35551071166992,-71.06316375732422,30.0,
1769004918,1839,1839,1839,,BasewUpdatedWalpoleTurns-772801-925,CR-Providence,0.0,NEC-2173-01,1769004873,2,30.0,42.22636795043945,-71.13938903808594,199.0,32.20000076293945
1769004918,y1201,y1201,1201,,73767225,39,0.0,21365,1769004908,2,13.0,42.33216857910156,-71.11198425292969,,
1769004918,1709,1709,1709,,Base-772411-410,CR-Fitchburg,1.0,FR-0034-02,1769004878,2,160.0,42.39594650268555,-71.16532897949219,90.0,20.100000381469727
1769004918,ynk336,ynk336,336,,BL-118935266,Shuttle-Generic,,,1769004913,2,,42.34270477294922,-71.06137084960938,291.0,
1769004918,y3305,y3305,3305,,74071601,455,1.0,4489,1769004910,1,54.0,42.45844650268555,-70.970458984375,,
1769004918,y0816,y0816,0816,,74122777,238,1.0,3418,1769004915,1,56.0,42.24342346191406,-71.0032958984375,11.0,
1769004918,y3315,y3315,3315,,74071738,429,0.0,45534,1769004912,2,60.0,42.4306640625,-70.99763488769531,28.0,
1769004918,y1727,y1727,1727,,73601651,11,1.0,36538,1769004914,2,28.0,42.342674255371094,-71.06134796142578,300.0,
1769004918,ynk305,ynk305,305,,BL-4918529,Shuttle-Generic,,,1769004690,2,,42.607330322265625,-71.5733871459961,,
1769004918,y1866,y1866,1866,,73602038,45,1.0,1489,1769004913,1,19.0,42.32852554321289,-71.07939910888672,270.0,
1769004918,y2095,y2095,2095,,73869619,70,1.0,8674,1769004913,2,19.0,42.37693786621094,-71.21746063232422,109.0,
1769004918,y1656,y1656,1656,,74214560,31,1.0,18511,1769004910,1,1.0,42.267311096191406,-71.09320831298828,,
1769004918,G-10061,G-10061,3830-3644,,73220450,Green-B,0.0,70107,1769004915,2,310.0,42.33982849121094,-71.15853881835938,315.0,10.0
1769004918,O-548788B2,O-548788B2,1424,,73613828,Orange,0.0,70008,1769004906,0,150.0,42.33359909057617,-71.09304809570312,220.0,
1769004918,y3248,y3248,3248,,73584635,57,1.0,937,1769004903,2,30.0,42.35074996948242,-71.11279296875,90.0,
1769004918,y2079,y2079,2079,,73868806,68,0.0,12232,1769004909,2,2.0,42.362640380859375,-71.08760833740234,270.0,
1769004918,G-10037,G-10037,3677-3892,,73220667,Green-C,1.0,70150,1769004904,0,550.0,42.34819030761719,-71.09927368164062,60.0,
1769004918,y3275,y3275,3275,,73584091,501,1.0,6550,1769004914,2,17.0,42.35100555419922,-71.06084442138672,90.0,
1769004918,y1622,y1622,1622,,74213777,24,0.0,16391,1769004915,1,30.0,42.254730224609375,-71.12027740478516,214.0,
1769004918,ynk333,ynk333,333,,BL-24503728,Shuttle-Generic,,,1769004670,2,,42.35342025756836,-71.06326293945312,,
1769004918,y3274,y3274,3274,,73583796,9,1.0,36541,1769004913,1,19.0,42.34434509277344,-71.06708526611328,294.0,
1769004918,y1980,y1980,1980,,73902181,430,0.0,5289,1769004911,2,2.0,42.42598342895508,-71.07383728027344,114.0,
1769004918,ynk318,ynk318,318,,BL-38179982,Shuttle-Generic,,,1769004633,2,,42.3386116027832,-71.04383850097656,,
1769004918,1832,1832,1832,,BasewUpdatedWalpoleTurns-772995-2016,CR-NewBedford,1.0,NEC-2287,1769004886,2,120.0,42.33253479003906,-71.05947875976562,355.0,15.199999809265137
1769004918,y1864,y1864,1864,,73601819,1,0.0,6,1769004913,2,4.0,42.33266830444336,-71.08059692382812,127.0,
1769004918,1701,1701,1701,,Base-772410-409,CR-Fitchburg,0.0,FR-0219-01,1769004884,2,90.0,42.45744705200195,-71.39075469970703,255.0,9.800000190734863
1769004918,y1859,y1859,1859,,73603328,8,1.0,123,1769004897,1,7.0,42.32006072998047,-71.05963134765625,270.0,
1769004918,y1895,y1895,1895,,73602507,15,0.0,1493,1769004915,1,7.0,42.32845687866211,-71.0810546875,101.0,
1769004918,y0875,y0875,0875,,73909165,95,0.0,6304,1769004911,2,28.0,42.42176055908203,-71.13286590576172,316.0,
1769004918,y1816,y1816,1816,,73604016,1,1.0,73,1769004907,2,8.0,42.364227294921875,-71.1016616821289,,
1769004918,y3286,y3286,3286,,73584472,45,1.0,383,1769004908,1,2.0,42.302574157714844,-71.08526611328125,,
1769004918,y3283,y3283,3283,,73584187,556,0.0,7861,1769004912,2,31.0,42.381187438964844,-71.23629760742188,347.0,
1769004918,1817,1817,1817,,BasewUpdatedWalpoleTurns-781250-1725,CR-Franklin,0.0,FB-0109-01,1769004875,2,40.0,42.23553466796875,-71.14740753173828,262.0,18.299999237060547
1769004918,y1713,y1713,1713,,74214462,32,1.0,46467,1769004914,1,4.0,42.24504470825195,-71.12944793701172,13.0,
1769004918,O-548788A6,O-548788A6,1418,,73613810,Orange,0.0,70012,1769004878,0,130.0,42.34543991088867,-71.07865142822266,220.0,
1769004918,y1829,y1829,1829,,73604057,1,0.0,101,1769004915,2,17.0,42.362213134765625,-71.09831237792969,300.0,
1769004918,y3253,y3253,3253,,73584096,558,1.0,7830,1769004910,2,3.0,42.34712600708008,-71.25338745117188,80.0,
1769004918,y1997,y1997,1997,,73869782,77,1.0,2298,1769004908,2,26.0,42.39377975463867,-71.12619018554688,135.0,
1769004918,G-10116,G-10116,3824-3678,,73220379,Green-B,0.0,70131,1769004886,1,220.0,42.350650787353516,-71.1304702758789,225.0,6.300000190734863
1769004918,G-10071,G-10071,3699-3872,,73221243,Green-E,1.0,70244,1769004891,1,520.0,42.34003829956055,-71.08969116210938,45.0,4.300000190734863
1769004918,y0879,y0879,0879,,73909032,108,0.0,9060,1769004911,1,32.0,42.433509826660156,-71.04646301269531,,
1769004918,1724,1724,1724,,Base-772370-324,CR-Lowell,1.0,BNT-0000,1769004876,2,70.0,42.417564392089844,-71.12838745117188,138.0,15.600000381469727
1769004918,y1883,y1883,1883,,73601330,22,1.0,1222,1769004909,2,27.0,42.32929611206055,-71.09632873535156,23.0,
1769004918,y1616,y1616,1616,,74214732,14,0.0,1747,1769004896,1,1.0,42.32828140258789,-71.11026763916016,45.0,
1769004918,y1949,y1949,1949,,73870602,71,1.0,2050,1769004908,1,4.0,42.36796951293945,-71.17871856689453,45.0,
1769004918,y1701,y1701,1701,,74214136,52,0.0,8527,1769004915,2,15.0,42.333003997802734,-71.1937484741211,207.0,
1769004918,G-10056,G-10056,3867-3640,,73220468,Green-B,1.0,70106,1769004857,1,1.0,42.340179443359375,-71.1670913696289,135.0,
1769004918,y1842,y1842,1842,,73604195,23,0.0,17862,1769004916,1,1.0,42.34699249267578,-71.07441711425781,215.0,
1769004918,y3121,y3121,3121,,74071698,429,1.0,6736,1769004914,1,33.0,42.47306823730469,-70.99466705322266,151.0,
1769004918,y1602,y1602,1602,,74214553,31,1.0,543,1769004896,2,9.0,42.28358840942383,-71.0916976928711,0.0,
1769004918,y1942,y1942,1942,,73902649,109,1.0,5474,1769004914,1,3.0,42.4311408996582,-71.03067016601562,261.0,
1769004918,1830,1830,1830,,BasewUpdatedWalpoleTurns-774180-1009,CR-Kingston,0.0,PB-0212-S,1769004874,2,40.0,42.08576583862305,-70.92578887939453,149.0,21.5
1769004918,y1751,y1751,1751,,73601529,9,0.0,33,1769004898,2,20.0,42.33856964111328,-71.03182220458984,90.0,
1769004918,y3140,y3140,3140,,73901638,111,1.0,2829,1769004913,2,22.0,42.371761322021484,-71.0653305053711,,
1769004918,y1650,y1650,1650,,74214718,14,1.0,66500,1769004896,2,16.0,42.28725814819336,-71.1073226928711,45.0,
1769004918,y1822,y1822,1822,,73603601,47,0.0,10011,1769004914,2,2.0,42.34205627441406,-71.05721282958984,178.0,
1769004918,y1919,y1919,1919,,73602509,22,0.0,17401,1769004909,1,13.0,42.30781173706055,-71.08939361572266,,
1769004918,y3239,y3239,3239,,73584645,57,1.0,919,1769004912,2,18.0,42.34904098510742,-71.1521987915039,152.0,
1769004918,y3155,y3155,3155,,73869639,70,0.0,86943,1769004910,2,40.0,42.37628173828125,-71.23692321777344,231.0,
1769004918,y1798,y1798,1798,,73603837,18,1.0,348,1769004912,1,17.0,42.306495666503906,-71.05870056152344,8.0,
1769004918,y3264,y3264,3264,,73583959,66,1.0,22549,1769004893,1,1.0,42.37559127807617,-71.1194076538086,180.0,
1769004918,G-10021,G-10021,3876-3608,,73221183,Green-E,0.0,70506,1769004915,0,7.0,42.388671875,-71.09850311279297,120.0,15.800000190734863
1769004918,y0833,y0833,0833,,74122712,222,0.0,3679,1769004915,2,37.0,42.21630859375,-70.92808532714844,103.0,
1769004918,G-10027,G-10027,3834-3617,,73220413,Green-B,1.0,70156,1769004902,1,580.0,42.35157012939453,-71.07167053222656,60.0,
1769004918,ynk342,ynk342,342,,BL-60526308,Shuttle-Generic,,,1769004710,2,,42.36255645751953,-71.55208587646484,,
1769004918,y2045,y2045,2045,,73868928,350,1.0,2265,1769004899,2,58.0,42.406070709228516,-71.14271545410156,,
1769004918,y2084,y2084,2084,,73902133,96,1.0,12301,1769004912,1,23.0,42.38752365112305,-71.1194076538086,172.0,
1769004918,y1738,y1738,1738,,73604200,23,0.0,11257,1769004914,2,2.0,42.33174514770508,-71.09418487548828,,
1769004918,R-54878B7A,R-54878B7A,1922,,73850907,Red,1.0,Braintree-01,1769004246,1,1.0,42.207489013671875,-71.00155639648438,10.0,
1769004918,y0832,y0832,0832,,74122139,240,0.0,4189,1769004912,1,58.0,42.16593933105469,-71.04360961914062,,
1769004918,O-548788B5,O-548788B5,1464,,73613818,Orange,0.0,70024,1769004907,0,70.0,42.363948822021484,-71.05888366699219,150.0,
1769004918,y0822,y0822,0822,,74122927,215,0.0,536,1769004914,2,2.0,42.284820556640625,-71.06459045410156,293.0,
1769004918,y1735,y1735,1735,,73602262,15,1.0,14831,1769004914,1,22.0,42.32030487060547,-71.07159423828125,301.0,
1769004918,y1434,y1434,1434,,73908978,137,0.0,9245,1769004914,2,23.0,42.48775863647461,-71.0691146850586,351.0,
1769004918,y1610,y1610,1610,,74213622,51,0.0,51917,1769004913,2,36.0,42.31118392944336,-71.14232635498047,344.0,
1769004918,y1758,y1758,1758,,73603608,47,1.0,1766,1769004916,1,3.0,42.36019515991211,-71.10752868652344,209.0,
1769004918,y1305,y1305,1305,,73765831,742,1.0,74614,1769004906,1,7.0,42.347320556640625,-71.0387954711914,,
1769004918,O-54878E32,O-54878E32,1466,,73613706,Orange,1.0,70015,1769004907,2,70.0,42.34257125854492,-71.08191680908203,40.0,
1769004918,y2032,y2032,2032,,73902973,110,1.0,5786,1769004906,2,6.0,42.40938949584961,-71.00106811523438,225.0,
1769004918,y1764,y1764,1764,,73603516,19,0.0,1519,1769004897,1,4.0,42.345069885253906,-71.10088348388672,225.0,
1769004918,y3282,y3282,3282,,73583955,66,1.0,1315,1769004905,1,26.0,42.3332405090332,-71.1097640991211,,
1769004918,y1441,y1441,1441,,73907568,354,1.0,65,1769004909,2,41.0,42.35995864868164,-71.0526123046875,,
1769004918,y1674,y1674,1674,,74213418,35,1.0,10835,1769004915,2,2.0,42.25352478027344,-71.17072296142578,67.0,
1769004918,y1926,y1926,1926,,73903029,89,1.0,2698,1769004910,2,10.0,42.39883041381836,-71.10904693603516,119.0,
1769004918,y1996,y1996,1996,,73901654,111,0.0,8309,1769004894,1,1.0,42.38787078857422,-71.07373046875,0.0,
1769004918,y1854,y1854,1854,,73603347,17,0.0,323,1769004914,2,23.0,42.300289154052734,-71.0604476928711,217.0,
1769004918,y3226,y3226,3226,,73584470,45,0.0,17863,1769004872,1,1.0,42.33634948730469,-71.08847045898438,180.0,
1769004918,1708,1708,1708,,Base-772371-327,CR-Lowell,0.0,BNT-0000-04,1769004867,1,0.0,42.36637878417969,-71.06224060058594,,
1769004918,y2080,y2080,2080,,73902234,109,0.0,76125,1769004896,1,1.0,42.372718811035156,-71.12284088134766,315.0,
1769004918,y1642,y1642,1642,,74213875,41,1.0,11501,1769004913,1,27.0,42.31755828857422,-71.06610107421875,121.0,
1769004918,y1205,y1205,1205,,73766542,28,1.0,1723,1769004721,1,3.0,42.270870208740234,-71.09354400634766,,
1769004918,y1900,y1900,1900,,73604065,1,1.0,110,1769004897,1,1.0,42.37316131591797,-71.11769104003906,315.0,
1769004918,y2064,y2064,2064,,73902805,104,1.0,5488,1769004914,2,11.0,42.4146842956543,-71.04840850830078,191.0,
1769004918,y3156,y3156,3156,,73901766,111,0.0,2832,1769004913,2,2.0,42.36280822753906,-71.05619812011719,,
1769004918,G-10093,G-10093,3869-3717,,73220898,Green-D,1.0,70150,1769004880,2,550.0,42.34648132324219,-71.10221862792969,50.0,
1769004918,G-10024,G-10024,3682-3885,,73221017,Green-D,0.0,70187,1769004901,2,450.0,42.34836959838867,-71.09864807128906,240.0,
1769004918,y1444,y1444,1444,,73908063,354,0.0,49901,1769004914,2,5.0,42.46562576293945,-71.1044692993164,332.0,
1769004918,y3324,y3324,3324,,74071644,455,0.0,15799,1769004885,1,1.0,42.39828109741211,-70.99311828613281,315.0,
1769004918,y1421,y1421,1421,,73909982,112,0.0,5560,1769004916,1,44.0,42.40353012084961,-71.0588607788086,215.0,
1769004918,y2086,y2086,2086,,73869796,77,1.0,2304,1769004908,2,30.0,42.385467529296875,-71.11943817138672,,
1769004918,y1958,y1958,1958,,73901848,111,0.0,5615,1769004915,1,7.0,42.393001556396484,-71.03376007080078,46.0,
1769004918,1801,1801,1801,,Base-772338-224,CR-Haverhill,1.0,WR-0075-02,1769004892,2,90.0,42.47951889038086,-71.06571197509766,159.0,17.0
1769004918,y1932,y1932,1932,,73903326,100,0.0,52711,1769004895,1,1.0,42.40248107910156,-71.07581329345703,90.0,
1769004918,y1426,y1426,1426,,73909986,112,1.0,5605,1769004915,2,35.0,42.393211364746094,-71.03406524658203,201.0,
1769004918,y0801,y0801,0801,,74122631,220,1.0,3594,1769004913,2,5.0,42.25405502319336,-70.89433288574219,318.0,
1769004918,y1280,y1280,1280,,73766190,751,0.0,61,1769004912,1,11.0,42.33265686035156,-71.08126068115234,197.0,
1769004918,y3322,y3322,3322,,74071550,451,0.0,7177,1769004913,1,23.0,42.55789566040039,-70.88020324707031,331.0,
1769004918,y2092,y2092,2092,,73901177,91,0.0,12530,1769004913,2,8.0,42.3764762878418,-71.09602355957031,,
1769004918,y1337,y1337,1337,,73765803,741,1.0,17096,1769004912,2,6.0,42.3492431640625,-71.0430679321289,,
1769004918,y1252,y1252,1252,,73766544,28,1.0,388,1769004914,1,23.0,42.313419342041016,-71.08363342285156,334.0,
1769004918,y1907,y1907,1907,,73602269,15,1.0,323,1769004901,1,1.0,42.299781799316406,-71.06211853027344,270.0,
1769004918,y3220,y3220,3220,,73584339,504,1.0,71855,1769004907,2,6.0,42.34763717651367,-71.08226013183594,,
1769004918,y2004,y2004,2004,,73869475,86,0.0,1036,1769004912,2,9.0,42.35136413574219,-71.15215301513672,27.0,
1769004918,y3301,y3301,3301,,74071643,455,0.0,14748,1769004914,2,23.0,42.46292495727539,-70.94890594482422,,
1769004918,y1991,y1991,1991,,73868902,350,0.0,1687,1769004914,1,36.0,42.4798698425293,-71.18528747558594,,
1769004918,y3323,y3323,3323,,74071252,441,1.0,4712,1769004914,2,63.0,42.4283332824707,-70.98240661621094,223.0,
1769004918,y1334,y1334,1334,,73766154,741,1.0,17091,1769004914,1,1.0,42.36116409301758,-71.0180892944336,16.0,
1769004918,R-5487871A,R-5487871A,1866,,73851006,Red,0.0,70097,1769004893,2,180.0,42.31602096557617,-71.05206298828125,170.0,
1769004918,1800,1800,1800,,Base-774594-28,CR-Newburyport,1.0,GB-0353-S,1769004877,1,0.0,42.65492630004883,-70.62761688232422,,
1769004918,y1832,y1832,1832,,73603617,47,0.0,1805,1769004914,1,23.0,42.34074783325195,-71.1054916381836,358.0,
1769004918,O-548788E5,O-548788E5,1524,,73613826,Orange,0.0,70006,1769004915,0,160.0,42.32516860961914,-71.09892272949219,195.0,
1769004918,y1731,y1731,1731,,73603534,9,1.0,175,1769004914,2,27.0,42.34819412231445,-71.07872772216797,133.0,
1769004918,y0828,y0828,0828,,74122571,216,0.0,32002,1769004908,1,1.0,42.25199890136719,-71.00513458251953,180.0,
1769004918,y2013,y2013,2013,,73869242,78,0.0,2357,1769004914,1,29.0,42.411155700683594,-71.18097686767578,283.0,
1769004918,G-10137,G-10137,3811-3691,,73220966,Green-D,0.0,70171,1769004914,0,520.0,42.33042907714844,-71.18781280517578,270.0,16.5
1769004918,y3294,y3294,3294,,73583765,65,1.0,1559,1769004907,1,22.0,42.337284088134766,-71.10909271240234,45.0,
1769004918,y3247,y3247,3247,,73584750,747,1.0,34579,1769004914,1,7.0,42.362762451171875,-71.08966827392578,230.0,
1769004918,y3143,y3143,3143,,73870521,71,0.0,2032,1769004913,2,10.0,42.374549865722656,-71.15029907226562,250.0,
1769004918,y1803,y1803,1803,,73601332,22,1.0,9448,1769004906,2,15.0,42.30335235595703,-71.08509063720703,,
1769004918,y3267,y3267,3267,,73584751,747,0.0,1805,1769004913,2,5.0,42.33898162841797,-71.10721588134766,,
1769004918,G-10042,G-10042,3860-3709,,73220550,Green-B,1.0,170136,1769004915,0,120.0,42.35206985473633,-71.12406921386719,90.0,5.099999904632568
1769004918,G-10165,G-10165,3234,,ADDED-1583474895,Mattapan,0.0,70261,1769004777,1,1.0,42.283668518066406,-71.06316375732422,315.0,6.300000190734863
1769004918,y1903,y1903,1903,,73601963,16,1.0,875,1769004914,1,1.0,42.3004264831543,-71.11353302001953,196.0,
1769004918,O-54878E49,O-54878E49,1484,,73613774,Orange,0.0,70001,1769004748,0,190.0,42.30331039428711,-71.11238861083984,210.0,
1769004918,y0903,y0903,0903,,74122257,236,1.0,3423,1769004915,2,40.0,42.247962951660156,-71.00152587890625,327.0,
1769004918,y3223,y3223,3223,,73584105,501,0.0,971,1769004904,1,16.0,42.34904479980469,-71.14962768554688,,
1769004918,y1737,y1737,1737,,73601645,10,1.0,11241,1769004913,2,19.0,42.32976150512695,-71.05805969238281,288.0,
1769004918,y0757,y0757,0757,,74122755,238,0.0,1633,1769004913,1,17.0,42.23725509643555,-71.0142822265625,322.0,
1769004918,y3331,y3331,3331,,74071360,120,0.0,5880,1769004909,2,35.0,42.388668060302734,-71.0003662109375,,
1769004918,y1871,y1871,1871,,73601471,708,1.0,855,1769004910,2,8.0,42.333961486816406,-71.07302856445312,223.0,
1769004918,y1669,y1669,1669,,74213742,30,1.0,16458,1769004910,2,2.0,42.26780319213867,-71.09342956542969,,
1769004918,y1265,y1265,1265,,73767268,39,1.0,1128,1769004915,1,4.0,42.30868911743164,-71.1156005859375,359.0,
1769004918,ynk345,ynk345,345,,BL-75565530,Shuttle-Generic,,,1769004861,2,,42.607181549072266,-71.57308959960938,,
1769004918,y1828,y1828,1828,,73604183,23,1.0,470,1769004916,1,14.0,42.30845642089844,-71.0831527709961,357.0,
1769004918,y1835,y1835,1835,,73604193,23,1.0,387,1769004914,1,16.0,42.31205749511719,-71.08296203613281,348.0,
1769004918,y1644,y1644,1644,,74214893,34E,0.0,16618,1769004914,1,33.0,42.242286682128906,-71.1781005859375,211.0,
1769004918,y3297,y3297,3297,,73584510,57,1.0,9031,1769004909,2,5.0,42.35570526123047,-71.18688201904297,,
1769004918,y1307,y1307,1307,,73765910,746,0.0,74611,1769004778,1,1.0,42.352481842041016,-71.05540466308594,,
1769004918,y3115,y3115,3115,,74071603,455,1.0,37150,1769004872,1,1.0,42.52450942993164,-70.8968734741211,90.0,
1769004918,y3265,y3265,3265,,73584367,504,0.0,903,1769004912,1,8.0,42.35677719116211,-71.18697357177734,251.0,
1769004918,1855,1855,1855,,BasewUpdatedWalpoleTurns-772897-1619,CR-Fairmount,0.0,FB-0095-04,1769004882,2,80.0,42.24955368041992,-71.12317657470703,216.0,14.800000190734863
1769004918,y1954,y1954,1954,,73903217,89,0.0,2718,1769004905,2,2.0,42.38698959350586,-71.07798767089844,225.0,
1769004918,y1719,y1719,1719,,74214584,21,1.0,496,1769004916,2,4.0,42.279117584228516,-71.06886291503906,247.0,
1769004918,y1323,y1323,1323,,73766689,743,0.0,74637,1769004912,2,6.0,42.38721466064453,-71.02325439453125,315.0,
1769004918,B-54878E27,B-54878E27,0735,,74360543,Blue,0.0,70055,1769004879,0,20.0,42.403221130371094,-70.99188232421875,170.0,
1769004918,y1985,y1985,1985,,73869893,77,0.0,2277,1769004914,2,17.0,42.406150817871094,-71.14258575439453,331.0,
1769004918,y1306,y1306,1306,,73765895,742,0.0,74624,1769004878,2,4.0,42.347599029541016,-71.0410385131836,90.0,
1769004918,G-10164,G-10164,3888,,ADDED-1583474887,Green-D,1.0,70172,1769004910,0,370.0,42.328460693359375,-71.17607116699219,135.0,12.0
1769004918,y1432,y1432,1432,,73908758,93,1.0,12828,1769004915,1,15.0,42.37369155883789,-71.05848693847656,224.0,
1769004918,G-10159,G-10159,3265,,73237371,Mattapan,1.0,70276,1769004860,1,1.0,42.26755905151367,-71.09224700927734,90.0,
1769004918,y1717,y1717,1717,,74213597,36,0.0,805,1769004916,1,17.0,42.28675079345703,-71.14986419677734,,
1769004918,G-10158,G-10158,3635,,ADDED-1583474886,Green-D,1.0,70172,1769004912,0,370.0,42.32831954956055,-71.17536163330078,135.0,11.600000381469727
1769004918,G-10070,G-10070,3859-3668,,73221077,Green-D,1.0,70503,1769004915,2,660.0,42.37247085571289,-71.07837677001953,305.0,11.0
1769004918,y2098,y2098,2098,,73902613,109,1.0,5559,1769004910,1,20.0,42.405303955078125,-71.0571517944336,214.0,
1769004918,y1431,y1431,1431,,73908977,137,0.0,29253,1769004913,2,45.0,42.521419525146484,-71.10708618164062,299.0,
1769004918,y1696,y1696,1696,,74214853,34,1.0,625,1769004896,1,12.0,42.267520904541016,-71.150146484375,45.0,
1769004918,G-10016,G-10016,3656-3821,,73221254,Green-E,0.0,70239,1769004895,2,580.0,42.34996032714844,-71.07791900634766,240.0,
1769004918,y1742,y1742,1742,,73602855,43,1.0,17863,1769004900,1,1.0,42.33673095703125,-71.08876037597656,225.0,
1769004918,O-54878E3C,O-54878E3C,1520,,73613773,Orange,1.0,70003,1769004898,0,10.0,42.30540084838867,-71.11077117919922,30.0,
1769004918,y0852,y0852,0852,,73907993,132,0.0,5072,1769004872,1,1.0,42.439571380615234,-71.05765533447266,225.0,
1769004918,y1977,y1977,1977,,73869623,70,0.0,8819,1769004911,2,28.0,42.370391845703125,-71.19429779052734,293.0,
1769004918,y1600,y1600,1600,,74213500,51,1.0,1860,1769004915,2,36.0,42.2891731262207,-71.13394927978516,113.0,
1769004918,y2071,y2071,2071,,73870294,87,1.0,70500,1769004910,2,35.0,42.37245178222656,-71.07962799072266,135.0,
1769004918,1853,1853,1853,,BasewUpdatedWalpoleTurns-772731-724,CR-Franklin,1.0,NEC-2276-03,1769004892,2,130.0,42.33782958984375,-71.08753967285156,,9.399999618530273
1769004918,O-54878E30,O-54878E30,1458,,73613685,Orange,1.0,70015,1769004741,1,70.0,42.34757995605469,-71.07465362548828,85.0,
1769004918,y1969,y1969,1969,,73869625,70,0.0,1061,1769004898,2,5.0,42.36267852783203,-71.10002136230469,225.0,
1769004918,y1425,y1425,1425,,73908137,99,0.0,5072,1769004912,1,21.0,42.42714309692383,-71.07459259033203,34.0,
1769004918,1836,1836,1836,,BasewUpdatedWalpoleTurns-772730-721,CR-Franklin,0.0,FB-0303-S,1769004875,2,130.0,42.08968734741211,-71.4341049194336,297.0,5.800000190734863
1769004918,y3113,y3113,3113,,74071642,455,0.0,6177,1769004914,1,65.0,42.514198303222656,-70.89242553710938,352.0,
1769004918,y1745,y1745,1745,,73601647,7,1.0,886,1769004899,2,6.0,42.335670471191406,-71.03521728515625,270.0,
1769004918,y3111,y3111,3111,,74071890,116,1.0,15796,1769004904,1,1.0,42.41865539550781,-70.99197387695312,,
1769004918,y3209,y3209,3209,,73584478,501,1.0,71855,1769004911,2,15.0,42.35812759399414,-71.14920806884766,84.0,
1769004918,y3320,y3320,3320,,74071584,450,0.0,117,1769004906,1,1.0,42.36228942871094,-71.05815887451172,315.0,
1769004918,y1791,y1791,1791,,73601528,9,0.0,886,1769004915,2,19.0,42.3357048034668,-71.03545379638672,61.0,
1769004918,G-10089,G-10089,3838-3665,,73221256,Green-E,0.0,70199,1769004850,1,80.0,42.3563117980957,-71.0627670288086,210.0,
1769004918,y1812,y1812,1812,,73603433,44,0.0,64000,1769004906,2,6.0,42.328895568847656,-71.08427429199219,,
1769004918,y1216,y1216,1216,,73766545,28,0.0,11712,1769004906,2,26.0,42.28474807739258,-71.0914535522461,,
1769004918,y1979,y1979,1979,,73870900,83,0.0,2451,1769004911,1,7.0,42.373409271240234,-71.10060119628906,282.0,
1769004918,O-548788F6,O-548788F6,1442,,73613636,Orange,1.0,70029,1769004914,1,140.0,42.37384033203125,-71.07029724121094,300.0,
1769004918,y3149,y3149,3149,,73870814,64,1.0,1105,1769004914,1,7.0,42.35641860961914,-71.14916229248047,43.0,
1769004918,y1222,y1222,1222,,73767237,39,1.0,10642,1769004914,1,1.0,42.3113899230957,-71.06999969482422,177.0,
1769004918,y1921,y1921,1921,,73603344,19,0.0,552,1769004915,1,34.0,42.303672790527344,-71.07193756103516,144.0,
1769004918,y1417,y1417,1417,,73909531,104,1.0,5659,1769004911,1,33.0,42.387943267822266,-71.02458953857422,90.0,
1769004918,y1875,y1875,1875,,73601229,708,0.0,10014,1769004916,2,2.0,42.329620361328125,-71.05742645263672,283.0,
1769004918,1841,1841,1841,,BasewUpdatedWalpoleTurns-772662-525,CR-Worcester,0.0,WML-0035-01,1769004868,2,30.0,42.355628967285156,-71.12749481201172,280.0,10.699999809265137
1769004918,y1282,y1282,1282,,73765969,751,1.0,6537,1769004915,1,11.0,42.35216522216797,-71.06275177001953,26.0,
1769004918,y1418,y1418,1418,,73909169,95,1.0,2889,1769004915,2,18.0,42.412811279296875,-71.1082992553711,145.0,
1769004918,y1655,y1655,1655,,74213781,24,1.0,6366,1769004915,1,20.0,42.266632080078125,-71.09394836425781,182.0,
1769004918,1808,1808,1808,,Base-772337-223,CR-Haverhill,0.0,WR-0325-01,1769004891,2,130.0,42.73069381713867,-71.12252807617188,,30.799999237060547
1769004918,B-54878B11,B-54878B11,0784,,74360553,Blue,1.0,70058,1769004891,0,100.0,42.40269088745117,-70.99175262451172,350.0,
1769004918,y1618,y1618,1618,,74213408,37,1.0,795,1769004912,2,26.0,42.28639221191406,-71.13011932373047,126.0,
1769004918,y3343,y3343,3343,,74071564,450,1.0,4481,1769004913,2,23.0,42.47854232788086,-70.94773864746094,214.0,
1769004918,y1438,y1438,1438,,73908823,411,1.0,4761,1769004915,1,1.0,42.427005767822266,-71.05951690673828,40.0,
1769004918,y1776,y1776,1776,,73604207,23,0.0,64000,1769004911,1,6.0,42.3297119140625,-71.0843505859375,210.0,
1769004918,y1948,y1948,1948,,73902587,109,1.0,29004,1769004904,2,28.0,42.384159088134766,-71.07421112060547,225.0,
1769004918,y1881,y1881,1881,,73603408,8,0.0,11592,1769004908,2,16.0,42.33478927612305,-71.08973693847656,135.0,
1769004918,y3241,y3241,3241,,73583843,66,0.0,1362,1769004883,1,9.0,42.33397674560547,-71.10450744628906,,
1769004918,y0895,y0895,0895,,73908800,411,1.0,15431,1769004876,2,22.0,42.42610168457031,-71.06753540039062,225.0,
1769004918,G-10063,G-10063,3805-3680,,73221066,Green-D,1.0,Union Square-02,1769004901,1,1.0,42.376949310302734,-71.09396362304688,120.0,
1769004918,y1459,y1459,1459,,73909405,104,0.0,5675,1769004914,2,3.0,42.38835144042969,-71.02642822265625,,
1769004918,R-548788A8,R-548788A8,1831,,73847013,Red,0.0,70075,1769004896,2,70.0,42.360740661621094,-71.06941986083984,130.0,
1769004918,y1623,y1623,1623,,74214011,21,0.0,530,1769004912,2,13.0,42.28063201904297,-71.08351135253906,,
1769004918,y1648,y1648,1648,,74214465,32,1.0,42819,1769004896,1,1.0,42.23775863647461,-71.13237762451172,180.0,
1769004918,y3139,y3139,3139,,73868913,350,1.0,8248,1769004912,2,31.0,42.468257904052734,-71.17889404296875,139.0,
1769004918,y1667,y1667,1667,,74214190,33,0.0,6377,1769004912,1,11.0,42.25905227661133,-71.1177749633789,,
1769004918,G-10081,G-10081,3814-3695,,73220361,Green-B,0.0,70145,1769004912,0,160.0,42.349971771240234,-71.10617065429688,315.0,6.0
1769004918,y3285,y3285,3285,,73584454,65,0.0,1295,1769004906,2,22.0,42.34311294555664,-71.1418228149414,,
1769004918,y1857,y1857,1857,,73602510,15,0.0,17863,1769004905,1,1.0,42.33612823486328,-71.08917999267578,180.0,
1769004918,G-10083,G-10083,3674-3804,,73220650,Green-C,1.0,70154,1769004872,1,570.0,42.349769592285156,-71.0782470703125,60.0,
1769004918,y3245,y3245,3245,,73584403,505,1.0,6550,1769004914,2,25.0,42.3577880859375,-71.17646789550781,92.0,
1769004918,y3256,y3256,3256,,73584119,4,1.0,114,1769004872,1,1.0,42.36640930175781,-71.0594711303711,225.0,
1769004918,y1904,y1904,1904,,73601432,11,0.0,268,1769004899,1,26.0,42.3294677734375,-71.03502655029297,,
1769004918,B-548788DC,B-548788DC,0766,,74360548,Blue,0.0,70059,1769004890,1,1.0,42.41352081298828,-70.99166870117188,200.0,
1769004918,y1962,y1962,1962,,73870649,71,1.0,2064,1769004910,1,14.0,42.37489700317383,-71.1481704711914,,
1769004918,y1268,y1268,1268,,73767234,39,0.0,91391,1769004913,2,9.0,42.33616638183594,-71.09815979003906,207.0,
1769004918,R-5487797E,R-5487797E,1800,,ADDED-1583474850,Red,1.0,70061,1769004897,2,220.0,42.39638137817383,-71.13860321044922,260.0,
1769004918,y1773,y1773,1773,,73601823,1,0.0,64,1769004901,1,1.0,42.336570739746094,-71.08995056152344,45.0,
1769004918,y2114,y2114,2114,,73902972,110,1.0,5496,1769004898,2,29.0,42.40681076049805,-71.05493927001953,315.0,
1769004918,y1637,y1637,1637,,74213163,42,1.0,5233,1769004903,2,2.0,42.299991607666016,-71.11369323730469,135.0,
1769004918,y2000,y2000,2000,,73902655,109,0.0,5510,1769004914,2,23.0,42.407569885253906,-71.05508422851562,31.0,
1769004918,y3268,y3268,3268,,73584819,66,0.0,64000,1769004895,1,1.0,42.33658981323242,-71.0708999633789,315.0,
1769004918,y1678,y1678,1678,,74214681,31,0.0,875,1769004902,1,1.0,42.30016326904297,-71.11372375488281,,
1769004918,y1433,y1433,1433,,73908252,92,1.0,29009,1769004906,1,1.0,42.38391876220703,-71.07626342773438,180.0,
1769004918,y1887,y1887,1887,,73601959,16,1.0,2931,1769004908,1,14.0,42.31123733520508,-71.07023620605469,,
1769004918,y3201,y3201,3201,,73584571,57,0.0,951,1769004912,1,2.0,42.34946823120117,-71.0987319946289,270.0,
1769004918,1863,1863,1863,,BasewUpdatedWalpoleTurns-772879-1522,CR-Worcester,1.0,WML-0012-05,1769004889,1,110.0,42.34756851196289,-71.07637786865234,,
1769004918,y1456,y1456,1456,,73909924,101,0.0,29012,1769004884,1,1.0,42.38486862182617,-71.07588195800781,315.0,
1769004918,R-54878E56,R-54878E56,1936,,73847007,Red,0.0,70081,1769004857,2,100.0,42.3514518737793,-71.05552673339844,130.0,
1769004918,y1951,y1951,1951,,73869720,70,0.0,88333,1769004915,2,40.0,42.37667465209961,-71.23477172851562,265.0,
1769004918,O-54878E2C,O-54878E2C,1516,,73613670,Orange,1.0,70019,1769004898,1,90.0,42.35234832763672,-71.06259155273438,5.0,
1769004918,y1801,y1801,1801,,73604198,23,0.0,334,1769004912,2,29.0,42.283905029296875,-71.0638198852539,15.0,
1769004918,G-10136,G-10136,3801-3686,,73220993,Green-D,0.0,70173,1769004915,0,510.0,42.328861236572266,-71.15982818603516,225.0,17.100000381469727
1769004918,y1873,y1873,1873,,73603404,8,0.0,5089,1769004916,2,29.0,42.33713150024414,-71.07235717773438,193.0,
1769004918,y3312,y3312,3312,,74071264,441,0.0,15798,1769004909,1,1.0,42.413360595703125,-70.99188232421875,0.0,
1769004918,y0826,y0826,0826,,74122326,222,1.0,3630,1769004916,1,42.0,42.248390197753906,-70.98335266113281,278.0,
1769004918,y1612,y1612,1612,,74213711,30,0.0,10642,1769004899,1,1.0,42.29949951171875,-71.1147232055664,45.0,
1769004918,B-54878E1D,B-54878E1D,0740,,74360518,Blue,0.0,70039,1769004909,0,100.0,42.3590087890625,-71.05854034423828,280.0,
1769004918,y2023,y2023,2023,,73870258,87,1.0,2595,1769004914,1,28.0,42.38123321533203,-71.09934997558594,104.0,
1769004918,y2083,y2083,2083,,73869472,86,0.0,2561,1769004904,2,20.0,42.3631591796875,-71.13040924072266,90.0,
1769004918,y3349,y3349,3349,,74071246,441,1.0,4832,1769004914,1,2.0,42.507816314697266,-70.84566497802734,287.0,
1769004918,y1920,y1920,1920,,73603619,47,1.0,150,1769004913,2,33.0,42.3417854309082,-71.05754852294922,,
1769004918,G-10034,G-10034,3882-3673,,73221250,Green-E,0.0,70253,1769004866,1,650.0,42.33325958251953,-71.10899353027344,270.0,5.599999904632568
1769004918,y2062,y2062,2062,,73901687,111,0.0,5611,1769004907,2,3.0,42.3709716796875,-71.06163787841797,315.0,
1769004918,y0778,y0778,0778,,74122378,201,0.0,3066,1769004912,1,5.0,42.29806137084961,-71.05706024169922,143.0,
1769004918,y3299,y3299,3299,,73584828,57,0.0,975,1769004903,1,20.0,42.348941802978516,-71.16007232666016,,
1769004918,y1970,y1970,1970,,73902796,104,0.0,5673,1769004914,2,2.0,42.3830680847168,-71.02303314208984,3.0,
1769004918,y0831,y0831,0831,,74122177,240,1.0,43011,1769004893,1,44.0,42.20109558105469,-71.0627212524414,,
1769004918,G-10119,G-10119,3829-3624,,73221232,Green-E,1.0,70512,1769004905,1,4.0,42.408390045166016,-71.11730194091797,151.0,
1769004918,y1310,y1310,1310,,73766805,743,0.0,74637,1769004910,2,6.0,42.38774490356445,-71.02368927001953,284.0,
1769004918,B-54878DEA,B-54878DEA,0763,,74360513,Blue,1.0,70038,1769004860,1,1.0,42.361148834228516,-71.06208038330078,105.0,
1769004918,y2058,y2058,2058,,73903222,90,1.0,2684,1769004907,1,13.0,42.3869743347168,-71.0991439819336,106.0,
1769004918,y3126,y3126,3126,,74071586,450,0.0,4547,1769004913,2,44.0,42.49983596801758,-70.92790222167969,,
1769004918,y1214,y1214,1214,,73767241,39,0.0,1160,1769004913,1,18.0,42.3193244934082,-71.11190032958984,214.0,
1769004918,1862,1862,1862,,BasewUpdatedWalpoleTurns-774206-1070,CR-Greenbush,1.0,GRB-0146-S,1769004871,1,50.0,42.219451904296875,-70.92173767089844,261.0,8.5
1769004918,y3269,y3269,3269,,73584173,59,0.0,8178,1769004896,1,1.0,42.365509033203125,-71.18557739257812,0.0,
1769004918,G-10052,G-10052,3858-3676,,73221235,Green-E,1.0,70205,1769004859,1,630.0,42.365631103515625,-71.0605697631836,315.0,
1769004918,y1632,y1632,1632,,74213877,41,1.0,11939,1769004914,1,1.0,42.28272247314453,-71.11897277832031,359.0,
1769004918,G-10026,G-10026,3260,,73237346,Mattapan,1.0,70270,1769004913,0,4.0,42.268470764160156,-71.08087158203125,45.0,9.300000190734863
1769004918,y3346,y3346,3346,,74071882,116,1.0,5737,1769004914,1,31.0,42.371673583984375,-71.0390396118164,169.0,
1769004918,G-10117,G-10117,3268,,ADDED-1583474894,Mattapan,0.0,70269,1769004914,0,5.0,42.270301818847656,-71.0710220336914,270.0,9.399999618530273
1769004918,y1408,y1408,1408,,73907558,354,1.0,8239,1769004914,2,10.0,42.49729919433594,-71.19429779052734,188.0,
1769004918,1827,1827,1827,,Base-772441-1225,CR-Haverhill,0.0,WR-0075-01,1769004890,2,50.0,42.46807861328125,-71.06884002685547,,4.900000095367432
1769004918,y1978,y1978,1978,,73903023,101,1.0,5299,1769004912,1,27.0,42.399986267089844,-71.10359954833984,138.0,
1769004918,y0762,y0762,0762,,74122967,215,1.0,3332,1769004915,1,8.0,42.2416877746582,-71.01158905029297,296.0,
1769004918,y1694,y1694,1694,,74214709,14,0.0,10421,1769004914,2,31.0,42.287879943847656,-71.10658264160156,227.0,
1769004918,y1853,y1853,1853,,73601322,22,1.0,334,1769004901,1,1.0,42.28451156616211,-71.0639877319336,315.0,
1769004918,y1262,y1262,1262,,73767327,39,1.0,51317,1769004913,2,18.0,42.337608337402344,-71.09573364257812,61.0,
1769004918,y3153,y3153,3153,,73870234,87,1.0,2637,1769004873,2,10.0,42.40694046020508,-71.13375854492188,135.0,
1769004918,R-5487896C,R-5487896C,1706,,73851010,Red,0.0,70063,1769004890,0,10.0,42.39773941040039,-71.13272094726562,95.0,
1769004918,y3313,y3313,3313,,74071329,114,0.0,5615,1769004911,1,10.0,42.39262390136719,-71.03419494628906,21.0,
1769004918,O-548788C6,O-548788C6,1420,,73613796,Orange,1.0,70031,1769004834,1,150.0,42.38425064086914,-71.07695007324219,355.0,
1769004918,y1440,y1440,1440,,73907504,99,1.0,52720,1769004913,2,36.0,42.404624938964844,-71.07653045654297,267.0,
1769004918,y0827,y0827,0827,,74122537,210,1.0,323,1769004881,2,30.0,42.30015563964844,-71.06072998046875,135.0,
1769004918,y1811,y1811,1811,,73602500,45,0.0,1493,1769004912,1,7.0,42.328617095947266,-71.08152770996094,97.0,
1769004918,y2061,y2061,2061,,73870495,73,0.0,2020,1769004914,2,2.0,42.37405014038086,-71.11900329589844,8.0,
1769004918,y3233,y3233,3233,,73584483,65,1.0,1026,1769004911,1,1.0,42.34834289550781,-71.15373229980469,,
1769004918,y0835,y0835,0835,,74122787,238,1.0,4085,1769004813,1,24.0,42.20882034301758,-71.02083587646484,45.0,
1769004918,ynk210,ynk210,210,,BL-107390542,Shuttle-Generic,,,1769003842,2,,42.339176177978516,-71.044189453125,,
1769004918,y1947,y1947,1947,,73869681,70,0.0,1447,1769004914,2,18.0,42.36338424682617,-71.16118621826172,289.0,
1769004918,ynk343,ynk343,343,,BL-9320202,Shuttle-Generic,,,1769004834,2,,42.36319351196289,-71.5525894165039,,
1769004918,y1423,y1423,1423,,73909987,112,1.0,52716,1769004913,1,1.0,42.412193298339844,-71.08501434326172,183.0,
1769004918,y1715,y1715,1715,,74214435,32,0.0,875,1769004903,1,1.0,42.30065155029297,-71.113525390625,,
1769004918,1860,1860,1860,,BasewUpdatedWalpoleTurns-772949-1726,CR-Franklin,1.0,FB-0118-02,1769004885,1,50.0,42.227054595947266,-71.17433166503906,,4.0
1769004918,y3125,y3125,3125,,74071956,116,1.0,5724,1769004914,1,17.0,42.395755767822266,-71.0286865234375,230.0,
1769004918,y1724,y1724,1724,,73601641,7,1.0,892,1769004914,2,13.0,42.351478576660156,-71.05279541015625,303.0,
1769004918,y2069,y2069,2069,,73870530,73,0.0,2020,1769004907,2,2.0,42.375274658203125,-71.1192626953125,,
1769004918,R-54878AFA,R-54878AFA,1814,,73851005,Red,0.0,70105,1769004896,2,220.0,42.21883010864258,-71.00028991699219,170.0,
1769004918,B-54878E33,B-54878E33,0779,,74360554,Blue,0.0,70059,1769004891,2,1.0,42.41442108154297,-70.99114227294922,20.0,
1769004918,y3289,y3289,3289,,73584136,59,1.0,84885,1769004911,2,26.0,42.31645965576172,-71.20914459228516,,
1769004918,y2112,y2112,2112,,73901887,111,1.0,5547,1769004905,1,1.0,42.41569900512695,-71.03301239013672,315.0,
1769004918,y1279,y1279,1279,,73766945,749,1.0,6567,1769004911,2,11.0,42.351036071777344,-71.0630874633789,182.0,
1769004918,G-10010,G-10010,3629-3833,,73220343,Green-B,0.0,70121,1769004912,0,260.0,42.34563064575195,-71.14157104492188,225.0,7.900000095367432
1769004918,y2038,y2038,2038,,73902212,109,0.0,2570,1769004906,2,4.0,42.37825012207031,-71.10653686523438,90.0,
1769004918,y1797,y1797,1797,,73603183,11,0.0,16538,1769004898,1,1.0,42.354434967041016,-71.05886840820312,196.0,
1769004918,R-54878E17,R-54878E17,1847,,73846990,Red,1.0,70086,1769004627,1,90.0,42.32057189941406,-71.05255889892578,350.0,
1769004918,ynk249,ynk249,249,,BL-61340587,Shuttle-Generic,,,1769004854,2,,42.33870315551758,-71.04463958740234,,
1769004918,y2026,y2026,2026,,73869864,77,0.0,2318,1769004912,2,7.0,42.391319274902344,-71.1229476928711,299.0,
1769004918,1711,1711,1711,,Base-774621-126,CR-Newburyport,1.0,ER-0208-02,1769004883,1,40.0,42.58439636230469,-70.88359832763672,,
1769004918,y3216,y3216,3216,,73584493,66,1.0,22549,1769004858,1,1.0,42.37559509277344,-71.11949157714844,,
1769004918,y1712,y1712,1712,,74213263,26,1.0,439,1769004915,1,10.0,42.284175872802734,-71.08159637451172,242.0,
1769004918,y0783,y0783,0783,,74122121,226,0.0,38671,1769004915,1,1.0,42.20670700073242,-71.00019073486328,249.0,
1769004918,y2047,y2047,2047,,73870529,73,1.0,2134,1769004913,1,1.0,42.376220703125,-71.11958312988281,162.0,
1769004918,y3340,y3340,3340,,74071728,429,0.0,6689,1769004914,1,16.0,42.46393585205078,-70.97479248046875,249.0,
1769004918,R-54878E46,R-54878E46,1735,,73847001,Red,0.0,70085,1769004908,1,130.0,42.32057189941406,-71.0525894165039,170.0,
1769004918,y1308,y1308,1308,,73766867,743,0.0,74612,1769004896,1,2.0,42.352169036865234,-71.0463638305664,,
1769004918,y1950,y1950,1950,,73901582,105,1.0,53270,1769004902,1,1.0,42.42633056640625,-71.0741195678711,225.0,
1769004918,y1730,y1730,1730,,73603641,7,0.0,16535,1769004916,1,1.0,42.354190826416016,-71.05809020996094,303.0,
1769004918,1811,1811,1811,,BasewUpdatedWalpoleTurns-772802-926,CR-Providence,1.0,SB-0150-06,1769004879,2,20.0,42.158206939697266,-71.14790344238281,314.0,6.699999809265137
1769004918,y1879,y1879,1879,,73604184,23,1.0,396,1769004912,1,23.0,42.32558059692383,-71.08329772949219,339.0,
1769004918,y0796,y0796,0796,,74122525,210,0.0,3023,1769004914,2,19.0,42.270774841308594,-71.0213623046875,,
1769004918,y1410,y1410,1410,,73908032,134,1.0,8868,1769004913,2,17.0,42.486568450927734,-71.15194702148438,185.0,
1769004918,y1615,y1615,1615,,74213312,50,1.0,2787,1769004915,2,4.0,42.26179885864258,-71.1224594116211,298.0,
1769004918,y3353,y3353,3353,,74071888,116,0.0,5745,1769004914,1,4.0,42.378719329833984,-71.03916931152344,11.0,
1769004918,O-54878E42,O-54878E42,1540,,73613782,Orange,1.0,Forest Hills-02,1769004701,1,1.0,42.30121994018555,-71.11383819580078,30.0,
1769004918,y3138,y3138,3138,,73902539,109,1.0,2613,1769004911,1,37.0,42.37961196899414,-71.09717559814453,266.0,
1769004918,ynk224,ynk224,224,,BL-79002756,Shuttle-Generic,,,1769004860,2,,41.72080993652344,-71.12185668945312,,
1769004918,1837,1837,1837,,BasewUpdatedWalpoleTurns-772699-626,CR-Needham,1.0,NB-0120-S,1769004885,1,20.0,42.2731819152832,-71.23536682128906,,
1769004918,y1672,y1672,1672,,74214474,32,1.0,6479,1769004914,2,19.0,42.283023834228516,-71.1188735961914,358.0,
1769004918,R-54878599,R-54878599,1826,,73851007,Red,0.0,70083,1769004913,1,110.0,42.33021926879883,-71.05699920654297,175.0,
1769004918,y1446,y1446,1446,,73909916,101,0.0,50021,1769004915,2,23.0,42.41660690307617,-71.1061782836914,29.0,
1769004918,y2115,y2115,2115,,73869459,86,1.0,22549,1769004911,1,1.0,42.376678466796875,-71.12250518798828,90.0,
1769004918,y0792,y0792,0792,,74122805,245,0.0,185,1769004915,1,1.0,42.26826858520508,-71.09171295166016,36.0,
1769004918,ynk252,ynk252,252,,BL-99597744,Shuttle-Generic,,,1769004912,2,,42.06785202026367,-71.0503158569336,235.0,
1769004918,y1666,y1666,1666,,74214847,34,0.0,605,1769004909,1,12.0,42.27934265136719,-71.1358871459961,217.0,
1769004918,G-10114,G-10114,3704-3820,,73220384,Green-B,1.0,70124,1769004896,1,60.0,42.348201751708984,-71.1405029296875,0.0,4.099999904632568
1769004918,y3123,y3123,3123,,74071418,442,0.0,4822,1769004914,2,34.0,42.47066879272461,-70.89459991455078,35.0,
1769004918,y1611,y1611,1611,,74214433,32,0.0,6502,1769004915,2,12.0,42.268402099609375,-71.1209716796875,180.0,
1769004918,y1692,y1692,1692,,74214082,29,0.0,11712,1769004915,2,20.0,42.28506851196289,-71.09117126464844,57.0,
1769004918,y2105,y2105,2105,,73868855,80,0.0,2410,1769004914,1,26.0,42.41130065917969,-71.12158203125,346.0,
1769004918,y1224,y1224,1224,,73767390,39,0.0,23391,1769004895,1,1.0,42.347599029541016,-71.07420349121094,,
1769004918,y2099,y2099,2099,,73869620,61,1.0,7789,1769004913,2,4.0,42.40403366088867,-71.24170684814453,102.0,
1769004918,1848,1848,1848,,BasewUpdatedWalpoleTurns-772661-526,CR-Worcester,1.0,WML-0125-02,1769004866,2,100.0,42.31742477416992,-71.27434539794922,16.0,18.299999237060547
1769004918,y1401,y1401,1401,,73908018,131,1.0,9328,1769004913,2,38.0,42.43852233886719,-71.07014465332031,177.0,
1769004918,G-10155,G-10155,3855-3601,,73221037,Green-D,0.0,70202,1769004898,0,40.0,42.36233901977539,-71.05803680419922,175.0,
1769004918,1819,1819,1819,,BasewUpdatedWalpoleTurns-772996-2018,CR-NewBedford,1.0,MM-0219-S,1769004882,2,50.0,41.999271392822266,-70.97859954833984,338.0,26.799999237060547
1769004918,y1750,y1750,1750,,73602379,7,0.0,888,1769004914,2,3.0,42.3514404296875,-71.05301666259766,124.0,
1769004918,1842,1842,1842,,BasewUpdatedWalpoleTurns-774690-1909,CR-NewBedford,0.0,MM-0277-S,1769004866,2,70.0,42.01664352416992,-70.9810791015625,,
1769004918,y0817,y0817,0817,,74122724,211,1.0,3124,1769004915,2,24.0,42.27336883544922,-71.03092956542969,30.0,
1769004918,y3270,y3270,3270,,73583967,66,1.0,1310,1769004910,2,21.0,42.338409423828125,-71.12146759033203,196.0,
1769004918,y3129,y3129,3129,,73870329,87,0.0,5104,1769004914,1,19.0,42.39755630493164,-71.12322235107422,333.0,
1769004918,y2076,y2076,2076,,73902977,110,0.0,5571,1769004912,1,11.0,42.41324234008789,-71.04261016845703,191.0,
1769004918,y3279,y3279,3279,,73583964,66,1.0,2554,1769004903,2,6.0,42.363651275634766,-71.12921142578125,,
1769004918,1849,1849,1849,,BasewUpdatedWalpoleTurns-772761-824,CR-Providence,1.0,NEC-2139-02,1769004887,2,50.0,42.147727966308594,-71.1609115600586,30.0,24.600000381469727
1769004918,y1603,y1603,1603,,74214148,52,1.0,8482,1769004914,1,20.0,42.29417419433594,-71.18931579589844,53.0,
1769004918,1704,1704,1704,,Base-772413-414,CR-Fitchburg,1.0,FR-0253-02,1769004689,1,60.0,42.46047592163086,-71.45890045166016,97.0,6.699999809265137
1769004918,y0906,y0906,0906,,74122469,230,1.0,3913,1769004915,2,31.0,42.178428649902344,-71.0146484375,344.0,
1769004918,y3128,y3128,3128,,73903215,101,1.0,5072,1769004890,1,1.0,42.4271125793457,-71.07452392578125,,
1769004918,y1284,y1284,1284,,73767013,749,1.0,5095,1769004916,2,8.0,42.343624114990234,-71.06602478027344,38.0,
1769004918,G-10065,G-10065,3706-3878,,73221239,Green-E,1.0,70158,1769004788,0,590.0,42.35179901123047,-71.07080841064453,60.0,
1769004918,y0773,y0773,0773,,74122330,216,1.0,3287,1769004906,2,23.0,42.26057434082031,-70.99456024169922,,
1769004918,y1972,y1972,1972,,73869779,77,1.0,2258,1769004912,2,10.0,42.41643524169922,-71.15843200683594,97.0,
1769004918,y2037,y2037,2037,,73869245,78,1.0,2163,1769004913,1,42.0,42.37739562988281,-71.1230239868164,112.0,
1769004918,y3112,y3112,3112,,74071889,116,0.0,5615,1769004914,2,10.0,42.39125061035156,-71.03496551513672,17.0,
1769004918,G-10045,G-10045,3712-3826,,73220346,Green-B,1.0,70112,1769004844,0,20.0,42.338050842285156,-71.15335083007812,90.0,2.299999952316284
1769004918,dLF 951,dLF 951,LF 951,,73257962,716,1.0,71601,1769004665,1,1.0,42.14043045043945,-71.1451416015625,,
1769004918,y1771,y1771,1771,,73602506,22,0.0,1257,1769004915,1,2.0,42.33169937133789,-71.0943832397461,243.0,
1769004918,R-54878A63,R-54878A63,1841,,73851009,Red,0.0,70069,1769004881,1,40.0,42.36552810668945,-71.1040267944336,130.0,
1769004918,y1439,y1439,1439,,73909989,112,0.0,5666,1769004915,1,1.0,42.40309143066406,-71.05535125732422,,
1769004918,y4215,y4215,4215,,73870697,71,0.0,2028,1769004913,2,8.0,42.37540054321289,-71.14250946044922,277.0,
1769004918,y1330,y1330,1330,,73766111,741,1.0,74617,1769004773,2,10.0,42.35325241088867,-71.05436706542969,,
1769004918,y1739,y1739,1739,,73603345,19,1.0,392,1769004915,1,19.0,42.31796646118164,-71.08216857910156,265.0,
1769004918,y1614,y1614,1614,,74214855,34E,1.0,98618,1769004897,1,1.0,42.14474868774414,-71.25460052490234,0.0,
1769004918,y1412,y1412,1412,,73907998,132,1.0,25989,1769004914,1,1.0,42.495086669921875,-71.10121154785156,86.0,
1769004918,y2106,y2106,2106,,73901686,111,0.0,5629,1769004913,1,19.0,42.407257080078125,-71.02948760986328,353.0,
1769004918,y1685,y1685,1685,,74213323,35,0.0,803,1769004898,1,15.0,42.28606033325195,-71.1446762084961,270.0,
1769004918,y1703,y1703,1703,,74213977,21,0.0,526,1769004916,1,9.0,42.28417205810547,-71.09074401855469,96.0,
1769004918,y0830,y0830,0830,,74122842,225,1.0,3719,1769004914,1,11.0,42.230857849121094,-70.97301483154297,320.0,
1769004918,y1448,y1448,1448,,73908836,96,1.0,45002,1769004882,1,1.0,42.417659759521484,-71.10565185546875,315.0,
1769004918,B-54878E18,B-54878E18,0757,,74360512,Blue,0.0,70838,1769004870,1,110.0,42.361148834228516,-71.06208038330078,285.0,
1769004918,y2017,y2017,2017,,73870010,62,0.0,8447,1769004915,2,45.0,42.466278076171875,-71.2420883178711,339.0,
1769004918,y3273,y3273,3273,,73584646,57,1.0,937,1769004892,2,30.0,42.35055923461914,-71.11128234863281,90.0,
1769004918,y2074,y2074,2074,,73903036,89,1.0,5104,1769004912,1,1.0,42.39691162109375,-71.1220932006836,281.0,
1769004918,y3329,y3329,3329,,74071331,450,1.0,8309,1769004885,2,52.0,42.36283874511719,-71.05693054199219,,
1769004918,y1673,y1673,1673,,74214907,34E,1.0,630,1769004913,1,71.0,42.27681350708008,-71.1387710571289,46.0,
1769004918,y0768,y0768,0768,,74122141,240,0.0,572,1769004911,1,9.0,42.27214813232422,-71.07180786132812,263.0,
1769004918,y3158,y3158,3158,,73902625,109,0.0,5532,1769004912,1,39.0,42.4315299987793,-71.02654266357422,99.0,
1769004918,y1695,y1695,1695,,74213623,51,0.0,600,1769004912,1,6.0,42.28940963745117,-71.12507629394531,217.0,
1769004918,y1327,y1327,1327,,73766757,743,0.0,74637,1769004914,2,6.0,42.38227844238281,-71.02327728271484,36.0,
1769004918,y3116,y3116,3116,,74071905,116,0.0,15800,1769004908,2,30.0,42.41865158081055,-70.99165344238281,90.0,
1769004918,y1793,y1793,1793,,73604203,23,0.0,334,1769004897,2,29.0,42.28364944458008,-71.0639419555664,90.0,
1769004918,y3287,y3287,3287,,73583965,66,1.0,1309,1769004912,1,20.0,42.339534759521484,-71.1209716796875,205.0,
1769004918,y3217,y3217,3217,,73584165,59,0.0,8203,1769004910,2,25.0,42.32322311401367,-71.2071762084961,188.0,
1769004918,y1752,y1752,1752,,73603600,47,1.0,17861,1769004913,1,18.0,42.336551666259766,-71.09001159667969,34.0,
1769004918,R-54878E23,R-54878E23,1721,,73851008,Red,0.0,70077,1769004856,0,80.0,42.35591125488281,-71.06149291992188,130.0,
1769004918,y2014,y2014,2014,,73902806,104,1.0,53270,1769004903,1,1.0,42.426578521728516,-71.07391357421875,180.0,
1769004918,ynk236,ynk236,236,,BL-42040132,Shuttle-Generic,,,1769004912,2,,41.976924896240234,-71.06871795654297,347.0,
1769004918,y3208,y3208,3208,,73583910,501,0.0,178,1769004913,1,7.0,42.34965515136719,-71.07696533203125,231.0,
1769004918,y0860,y0860,0860,,73584087,501,1.0,71855,1769004905,2,15.0,42.347713470458984,-71.0973129272461,90.0,
1769004918,G-10074,G-10074,3887-3692,,73220428,Green-B,1.0,70201,1769004872,0,610.0,42.35614013671875,-71.06243133544922,30.0,
1769004918,G-10019,G-10019,3864-3681,,73220934,Green-D,1.0,70168,1769004912,0,350.0,42.31829833984375,-71.20990753173828,45.0,12.100000381469727
1769004918,y2006,y2006,2006,,73901655,111,1.0,5594,1769004913,1,9.0,42.40503692626953,-71.03457641601562,261.0,
1769004918,O-54878E38,O-54878E38,1506,,73613711,Orange,1.0,70007,1769004913,1,30.0,42.32318878173828,-71.09982299804688,15.0,
1769004918,y1626,y1626,1626,,74214429,32,0.0,875,1769004905,1,1.0,42.300941467285156,-71.11335754394531,270.0,
1769004918,y0861,y0861,0861,,73584181,554,0.0,7650,1769004910,1,11.0,42.34942626953125,-71.22517395019531,270.0,
1769004918,y2054,y2054,2054,,73870821,64,0.0,2231,1769004898,1,1.0,42.36249923706055,-71.08589172363281,270.0,
1769004918,y1930,y1930,1930,,73869631,70,1.0,1442,1769004914,2,24.0,42.36255645751953,-71.15657806396484,101.0,
1769004918,y1416,y1416,1416,,73909936,90,0.0,2714,1769004911,2,3.0,42.38698196411133,-71.07801055908203,247.0,
1769004918,G-10029,G-10029,3894-3651,,73220498,Green-B,1.0,70144,1769004855,1,150.0,42.35005187988281,-71.10722351074219,135.0,5.5
1769004918,y1790,y1790,1790,,73602702,10,0.0,30,1769004915,1,36.0,42.336238861083984,-71.02513122558594,358.0,
1769004918,y2109,y2109,2109,,73869049,85,0.0,2574,1769004906,2,8.0,42.380958557128906,-71.09710693359375,315.0,
1769004918,y1643,y1643,1643,,74213677,38,1.0,5218,1769004913,2,11.0,42.28910446166992,-71.14244079589844,45.0,
1769004918,y3334,y3334,3334,,74071978,116,1.0,5734,1769004909,1,29.0,42.37691879272461,-71.03926086425781,,
1769004918,y3257,y3257,3257,,73583960,66,1.0,926,1769004913,1,12.0,42.35365295410156,-71.13516998291016,80.0,
1769004918,y2067,y2067,2067,,73870870,83,1.0,2433,1769004913,2,15.0,42.381996154785156,-71.1069107055664,197.0,
1769004918,G-10108,G-10108,3911-3918,,73220910,Green-D,1.0,70178,1769004913,0,400.0,42.33156967163086,-71.129638671875,135.0,12.699999809265137
1769004918,y3135,y3135,3135,,73869954,76,1.0,86261,1769004914,2,9.0,42.45676040649414,-71.28955841064453,167.0,
1769004918,y0761,y0761,0761,,74122718,211,0.0,3199,1769004912,2,43.0,42.256343841552734,-71.00996398925781,,
1769004918,y1677,y1677,1677,,74213855,41,0.0,1149,1769004915,2,18.0,42.33014678955078,-71.09111022949219,256.0,
1769004918,y3117,y3117,3117,,74071470,120,1.0,5736,1769004905,1,16.0,42.374107360839844,-71.03910064697266,,
1769004918,y1961,y1961,1961,,73902802,104,1.0,53270,1769004912,1,1.0,42.40440368652344,-71.07672119140625,347.0,
1769004918,B-54878E50,B-54878E50,0783,,74360570,Blue,1.0,70044,1769004911,0,30.0,42.35892868041992,-71.05632019042969,80.0,
1769004918,y1924,y1924,1924,,73601536,9,0.0,148,1769004904,2,7.0,42.34700012207031,-71.06597900390625,,
1769004918,y1817,y1817,1817,,73602831,15,1.0,1472,1769004912,1,12.0,42.30781936645508,-71.06550598144531,,
1769004918,y3210,y3210,3210,,73584759,747,1.0,2518,1769004912,2,6.0,42.36907958984375,-71.0946044921875,214.0,
1769004918,y3100,y3100,3100,,74071693,426,1.0,2829,1769004913,2,43.0,42.3973388671875,-71.03738403320312,141.0,
1769004918,y1253,y1253,1253,,73767235,39,0.0,23391,1769004906,1,1.0,42.34734344482422,-71.07445526123047,,
1769004918,y1755,y1755,1755,,73602517,15,0.0,17863,1769004916,1,1.0,42.336307525634766,-71.08867645263672,200.0,
1769004918,y1825,y1825,1825,,73601646,9,1.0,161,1769004915,1,14.0,42.33869552612305,-71.05094146728516,286.0,
1769004918,y3242,y3242,3242,,73583842,66,0.0,1367,1769004904,2,14.0,42.332122802734375,-71.11813354492188,,
1769004918,y2117,y2117,2117,,73868982,67,0.0,7976,1769004913,2,9.0,42.41652297973633,-71.15757751464844,270.0,
1769004918,y3351,y3351,3351,,74071355,119,1.0,5803,1769004913,2,22.0,42.40704345703125,-71.01066589355469,36.0,
1769004918,y2005,y2005,2005,,73870074,69,1.0,70500,1769004912,2,16.0,42.37227249145508,-71.07909393310547,117.0,
1769004918,y3235,y3235,3235,,73584771,747,1.0,1780,1769004901,2,15.0,42.33938980102539,-71.10665130615234,,
1769004918,y2093,y2093,2093,,73870214,88,1.0,2601,1769004907,2,26.0,42.373783111572266,-71.0821304321289,125.0,
1769004918,y1250,y1250,1250,,73766563,28,0.0,17862,1769004899,1,1.0,42.33671188354492,-71.08978271484375,45.0,
1769004918,y1772,y1772,1772,,73604178,23,0.0,412,1769004915,2,15.0,42.310420989990234,-71.08318328857422,106.0,
1769004918,y1722,y1722,1722,,73602508,15,0.0,1501,1769004914,2,14.0,42.319698333740234,-71.07081604003906,150.0,
1769004918,y1302,y1302,1302,,73766840,743,0.0,7096,1769004912,2,5.0,42.36953353881836,-71.02565002441406,13.0,
1769004918,ynk223,ynk223,223,,BL-50837217,Shuttle-Generic,,,1769003945,2,,42.33860397338867,-71.04458618164062,,
1769004918,y3234,y3234,3234,,73584115,553,0.0,88342,1769004914,2,40.0,42.3683967590332,-71.24968719482422,324.0,
1769004918,O-54878E28,O-54878E28,1422,,73613642,Orange,1.0,70025,1769004898,1,120.0,42.363189697265625,-71.05811309814453,330.0,
1769004918,G-10043,G-10043,3877-3696,,73221233,Green-E,1.0,70507,1769004915,0,690.0,42.39046859741211,-71.10224914550781,301.0,15.5
1769004918,y3304,y3304,3304,,74071298,435,1.0,7212,1769004914,1,49.0,42.483375549316406,-70.94586944580078,157.0,
1769004918,y3108,y3108,3108,,74071206,456,1.0,37150,1769004914,1,1.0,42.500160217285156,-70.92742156982422,,
1769004918,y1653,y1653,1653,,74214071,29,1.0,1742,1769004914,1,23.0,42.31243133544922,-71.09358978271484,313.0,
1769004918,ynk230,ynk230,230,,BL-40770992,Shuttle-Generic,,,1769004913,2,,42.05990219116211,-71.061279296875,167.0,
1769004918,y1254,y1254,1254,,73767233,39,0.0,11388,1769004912,2,4.0,42.34759521484375,-71.07949829101562,237.0,
1769004918,y2089,y2089,2089,,73869469,86,1.0,1092,1769004900,1,20.0,42.33625411987305,-71.15118408203125,,
1769004918,G-10039,G-10039,3702-3802,,73221027,Green-D,0.0,70159,1769004889,1,90.0,42.35356140136719,-71.06432342529297,200.0,
1769004918,y1277,y1277,1277,,73765988,751,0.0,61,1769004912,2,11.0,42.333126068115234,-71.08108520507812,208.0,
1769004918,y2056,y2056,2056,,73902285,137,1.0,9198,1769004914,2,27.0,42.46434783935547,-71.0615463256836,175.0,
1769004918,y1807,y1807,1807,,73602505,44,0.0,1352,1769004915,1,16.0,42.31193161010742,-71.09054565429688,201.0,
1769004918,R-54878E19,R-54878E19,1850,,ADDED-1583474864,Red,1.0,70070,1769004900,0,180.0,42.3631591796875,-71.09416198730469,275.0,
1769004918,y3342,y3342,3342,,74071493,442,1.0,4916,1769004914,1,45.0,42.467681884765625,-70.92252349853516,330.0,
1769004918,y3232,y3232,3232,,73584103,65,1.0,1558,1769004872,1,21.0,42.33747100830078,-71.10887145996094,45.0,
1769004918,y1275,y1275,1275,,73767111,749,1.0,3,1769004915,2,2.0,42.331764221191406,-71.08208465576172,38.0,
1769004918,G-10054,G-10054,3917-3919,,73220779,Green-C,0.0,70213,1769004854,0,330.0,42.345088958740234,-71.11062622070312,225.0,4.099999904632568
1769004918,1722,1722,1722,,Base-774593-24,CR-Newburyport,1.0,ER-0042-02,1769004866,2,100.0,42.39688491821289,-71.0400161743164,285.0,14.300000190734863
1769004918,ynk339,ynk339,339,,BL-69287469,Shuttle-Generic,,,1769004737,2,,42.3477668762207,-71.03919982910156,,
1769004918,O-54878E4F,O-54878E4F,1434,,73613785,Orange,0.0,70001,1769004901,2,190.0,42.30849838256836,-71.10893249511719,210.0,
1769004918,R-54877876,R-54877876,1938,,73851011,Red,0.0,Alewife-01,1769004783,1,1.0,42.396209716796875,-71.14054107666016,85.0,
1769004918,G-10152,G-10152,3622-3800,,73221247,Green-E,1.0,70260,1769004766,1,1.0,42.328250885009766,-71.11032104492188,45.0,2.5999999046325684
1769004918,y1761,y1761,1761,,73601961,16,1.0,125,1769004910,1,21.0,42.32386779785156,-71.06434631347656,318.0,
1769004918,1851,1851,1851,,BasewUpdatedWalpoleTurns-772664-530,CR-Worcester,1.0,WML-0364-02,1769004862,2,10.0,42.2350959777832,-71.7289810180664,80.0,17.399999618530273
1769004918,G-10096,G-10096,3806-3670,,73220690,Green-C,1.0,70218,1769004886,1,270.0,42.34307861328125,-71.11768341064453,45.0,4.900000095367432
1769004918,y3246,y3246,3246,,73584144,505,0.0,65541,1769004912,2,4.0,42.3541259765625,-71.19635009765625,249.0,
1769004918,y3151,y3151,3151,,73870212,88,0.0,2660,1769004914,2,5.0,42.382843017578125,-71.0909652709961,322.0,
1769004918,y3227,y3227,3227,,73584639,57,1.0,937,1769004895,2,30.0,42.35036087036133,-71.10971069335938,90.0,
1769004918,y0843,y0843,0843,,73907535,94,1.0,2378,1769004915,2,22.0,42.408714294433594,-71.11802673339844,174.0,
1769004918,G-10098,G-10098,3890-3685,,73220397,Green-B,0.0,70149,1769004911,0,140.0,42.34891128540039,-71.09619140625,270.0,
1769004918,G-10153,G-10153,3886-3689,,73220761,Green-C,0.0,70231,1769004911,0,410.0,42.33884811401367,-71.13723754882812,225.0,5.5
1769004918,y1955,y1955,1955,,73901792,111,0.0,56170,1769004915,1,8.0,42.395477294921875,-71.03277587890625,31.0,
1769004918,y1291,y1291,1291,,73766946,749,0.0,8279,1769004915,2,2.0,42.3551139831543,-71.06340789794922,210.0,
1769004918,y1845,y1845,1845,,73601328,22,1.0,1742,1769004907,1,19.0,42.31235122680664,-71.09345245361328,,
1769004918,y1995,y1995,1995,,73869457,86,1.0,2551,1769004914,2,4.0,42.366851806640625,-71.12520599365234,216.0,
1769004918,y1934,y1934,1934,,73901652,111,0.0,8309,1769004903,1,1.0,42.36233139038086,-71.05693817138672,135.0,
1769004918,y1885,y1885,1885,,73583845,66,0.0,1357,1769004913,1,6.0,42.33159637451172,-71.09510040283203,295.0,
1769004918,R-54878656,R-54878656,1727,,73850905,Red,1.0,70096,1769004908,2,100.0,42.28976821899414,-71.04279327392578,330.0,
1769004918,G-10162,G-10162,3600-3844,,73221241,Green-E,1.0,70505,1769004914,0,680.0,42.387149810791016,-71.09512329101562,301.0,14.800000190734863
1769004918,R-54877E2C,R-54877E2C,1916,,73847017,Red,0.0,70065,1769004909,0,20.0,42.39202117919922,-71.11924743652344,175.0,
1769004918,y1209,y1209,1209,,73766543,28,0.0,410,1769004914,2,13.0,42.3143424987793,-71.08374786376953,192.0,
1769004918,y1753,y1753,1753,,73601327,22,1.0,376,1769004916,1,9.0,42.293487548828125,-71.08280181884766,299.0,
1769004918,y3359,y3359,3359,,74071509,436,0.0,6834,1769004915,1,6.0,42.469669342041016,-70.93727111816406,331.0,
1769004918,y2033,y2033,2033,,73869634,70,1.0,1049,1769004913,2,38.0,42.36286163330078,-71.13787841796875,73.0,
1769004918,R-5487805B,R-5487805B,1930,,ADDED-1583474832,Red,1.0,70074,1769004851,1,160.0,42.36125946044922,-71.07161712646484,275.0,
1769004918,y0802,y0802,0802,,74122603,216,0.0,3320,1769004915,2,34.0,42.258670806884766,-70.97502136230469,286.0,
1769004918,y1402,y1402,1402,,73907524,134,0.0,9172,1769004915,1,16.0,42.41761779785156,-71.10653686523438,358.0,
1769004918,y1409,y1409,1409,,73908907,430,1.0,7532,1769004909,2,30.0,42.46543884277344,-71.02534484863281,,
1769004918,y1437,y1437,1437,,73909988,112,0.0,5673,1769004912,2,6.0,42.38677978515625,-71.02313232421875,,
1769004918,y3244,y3244,3244,,73584049,505,1.0,6550,1769004910,2,25.0,42.347679138183594,-71.08039093017578,,
1769004918,y0807,y0807,0807,,74122926,215,0.0,32000,1769004916,2,49.0,42.248958587646484,-71.00387573242188,243.0,
1769004918,1843,1843,1843,,BasewUpdatedWalpoleTurns-772762-825,CR-Providence,0.0,NEC-1969-03,1769004892,2,70.0,41.96647644042969,-71.26690673828125,,35.29999923706055
1769004918,y1840,y1840,1840,,73603396,19,0.0,64000,1769004909,2,19.0,42.328731536865234,-71.08413696289062,90.0,
1769004918,y2078,y2078,2078,,73869243,75,1.0,2159,1769004913,1,16.0,42.382110595703125,-71.13045501708984,130.0,
1769004918,y2003,y2003,2003,,73869250,78,0.0,2490,1769004915,2,42.0,42.41923522949219,-71.19573974609375,273.0,
1769004918,y1320,y1320,1320,,73766907,743,1.0,7097,1769004914,2,5.0,42.381900787353516,-71.023681640625,218.0,
1769004918,y1260,y1260,1260,,73766541,28,1.0,1724,1769004914,1,4.0,42.27418518066406,-71.09345245361328,7.0,
1769004918,y2070,y2070,2070,,73869251,74,0.0,76126,1769004907,1,1.0,42.37244415283203,-71.12205505371094,,
1769004918,y1872,y1872,1872,,73601535,9,0.0,21,1769004915,1,15.0,42.335391998291016,-71.0431900024414,88.0,
1769004918,y1813,y1813,1813,,73604063,1,1.0,10100,1769004914,2,20.0,42.33259201049805,-71.0748519897461,222.0,
1769004918,ynk303,ynk303,303,,BL-82594806,Shuttle-Generic,,,1769004641,2,,42.607215881347656,-71.57341003417969,,
1769004918,1850,1850,1850,,BasewUpdatedWalpoleTurns-772764-828,CR-Providence,1.0,NEC-1891-02,1769004872,2,40.0,41.8449592590332,-71.41487884521484,28.0,6.699999809265137
1769004918,ynk335,ynk335,335,,BL-105343100,Shuttle-Generic,,,1769004885,2,,42.338497161865234,-71.04388427734375,,
1769004918,y2113,y2113,2113,,73870145,69,0.0,1424,1769004908,1,9.0,42.37342071533203,-71.09785461425781,,
1769004918,y2040,y2040,2040,,73902598,109,0.0,2779,1769004909,2,13.0,42.38218688964844,-71.08060455322266,90.0,
1769004918,y3255,y3255,3255,,73584340,504,1.0,6550,1769004897,1,8.0,42.35239791870117,-71.05796813964844,16.0,
1769004918,y1219,y1219,1219,,73766540,28,1.0,18511,1769004636,1,1.0,42.26712417602539,-71.09190368652344,,
1769004918,y3203,y3203,3203,,73584397,504,1.0,9031,1769004911,1,5.0,42.35626983642578,-71.18400573730469,81.0,
1769004918,y2007,y2007,2007,,73870215,88,0.0,2634,1769004908,2,22.0,42.40227127075195,-71.12673950195312,,
1769004918,y1453,y1453,1453,,73907503,94,0.0,2406,1769004915,2,5.0,42.40504455566406,-71.11737060546875,353.0,
1769004918,y1601,y1601,1601,,74213156,42,1.0,1169,1769004916,1,14.0,42.321372985839844,-71.09239959716797,46.0,
1769004918,G-10160,G-10160,3671-3880,,73220886,Green-D,1.0,70158,1769004854,1,590.0,42.35245132446289,-71.06482696533203,20.0,
1769004918,y1427,y1427,1427,,73909030,108,1.0,15431,1769004915,1,19.0,42.42556381225586,-71.07276153564453,271.0,
1769004918,y0829,y0829,0829,,74122381,202,0.0,323,1769004893,1,1.0,42.300079345703125,-71.06121063232422,,
1769004918,1807,1807,1807,,Base-774620-125,CR-Newburyport,0.0,ER-0208-01,1769004875,2,60.0,42.57406997680664,-70.88520812988281,3.0,15.600000381469727
1769004918,y3238,y3238,3238,,73584754,747,0.0,21174,1769004914,1,11.0,42.35844802856445,-71.09870147705078,346.0,
1769004918,B-54878E24,B-54878E24,0729,,74360530,Blue,0.0,70045,1769004857,0,70.0,42.37232971191406,-71.03311920166016,260.0,
1769004918,y3107,y3107,3107,,BL-11546307,Shuttle-Generic,,,1769004908,2,,42.38286590576172,-71.01803588867188,,
1769004918,y0901,y0901,0901,,73584637,57,1.0,919,1769004916,1,18.0,42.34867477416992,-71.1519546508789,193.0,
1769004918,G-10017,G-10017,3701-3827,,73221005,Green-D,0.0,70175,1769004913,2,500.0,42.3360481262207,-71.14234161376953,270.0,5.900000095367432
1769004918,y3284,y3284,3284,,73583768,65,1.0,1282,1769004900,2,16.0,42.3348503112793,-71.12348175048828,135.0,
1769004918,y1994,y1994,1994,,73901657,111,1.0,2829,1769004912,2,22.0,42.36802673339844,-71.0593032836914,153.0,
1769004918,y1333,y1333,1333,,73765759,741,0.0,84611,1769004824,1,1.0,42.35092544555664,-71.05609130859375,,
1769004918,y3355,y3355,3355,,74071692,426,0.0,7429,1769004912,1,14.0,42.44879913330078,-71.00800323486328,79.0,
1769004918,G-10032,G-10032,3856-3715,,73221182,Green-E,0.0,70206,1769004833,0,20.0,42.366329193115234,-71.06690216064453,120.0,4.599999904632568
1769004918,y0775,y0775,0775,,74122349,236,1.0,4023,1769004901,2,2.0,42.218772888183594,-71.02568054199219,,
1769004918,y2052,y2052,2052,,73902326,108,0.0,52715,1769004902,1,1.0,42.4026985168457,-71.07627868652344,90.0,
1769004918,y1908,y1908,1908,,73603176,7,1.0,33,1769004897,1,1.0,42.33869934082031,-71.0316390991211,90.0,
1769004918,y1714,y1714,1714,,74214856,34E,1.0,63618,1769004914,2,34.0,42.20157241821289,-71.19720458984375,15.0,
1769004918,y0799,y0799,0799,,74122201,240,1.0,4255,1769004833,1,1.0,42.15639877319336,-71.02762603759766,0.0,
1769004918,y0803,y0803,0803,,74122873,225,0.0,3789,1769004912,1,8.0,42.2409782409668,-70.98925018310547,104.0,
1769004918,y0864,y0864,0864,,73584162,553,1.0,7633,1769004915,1,38.0,42.35493850708008,-71.19481658935547,81.0,
1769004918,y0902,y0902,0902,,74122910,225,1.0,32000,1769004759,1,26.0,42.25194549560547,-71.00582122802734,315.0,
1769004918,y3228,y3228,3228,,73584329,505,1.0,78203,1769004914,2,15.0,42.355255126953125,-71.24237060546875,236.0,
1769004918,G-10067,G-10067,3611-3837,,73220611,Green-C,0.0,70159,1769004850,0,90.0,42.355560302734375,-71.06326293945312,210.0,
1769004918,y2065,y2065,2065,,73870826,64,1.0,24485,1769004911,2,27.0,42.366058349609375,-71.09233856201172,106.0,
1769004918,O-54878909,O-54878909,1544,,73613794,Orange,0.0,70032,1769004909,2,20.0,42.423221588134766,-71.07573699951172,200.0,
1769004918,y0824,y0824,0824,,74122104,226,1.0,13832,1769004913,2,4.0,42.17888641357422,-70.9554214477539,359.0,
1769004918,y1833,y1833,1833,,73602012,17,1.0,13,1769004913,2,28.0,42.330196380615234,-71.05816650390625,43.0,
1769004918,y3291,y3291,3291,,73584569,57,0.0,988,1769004908,2,30.0,42.3562126159668,-71.1826400756836,,
1769004918,y1893,y1893,1893,,73603547,47,1.0,1780,1769004916,1,13.0,42.3377799987793,-71.10442352294922,118.0,
1769004918,ynk209,ynk209,209,,BL-89615949,Shuttle-Generic,,,1769004746,2,,42.338966369628906,-71.04439544677734,,
1769004918,y1892,y1892,1892,,73602783,9,1.0,178,1769004915,1,24.0,42.348995208740234,-71.07720947265625,219.0,
1769004918,y1740,y1740,1740,,73601815,1,0.0,97,1769004912,2,15.0,42.357017517089844,-71.09254455566406,326.0,
1769004918,y1718,y1718,1718,,74214174,33,0.0,6377,1769004913,1,11.0,42.258846282958984,-71.11787414550781,,
1769004918,y2077,y2077,2077,,73869953,76,0.0,14123,1769004904,1,1.0,42.39646911621094,-71.14141845703125,90.0,
1769004918,y3152,y3152,3152,,73870470,73,1.0,2134,1769004911,1,1.0,42.38726043701172,-71.19105529785156,322.0,
1769004918,y1777,y1777,1777,,73603441,8,1.0,64,1769004910,1,22.0,42.33003234863281,-71.0837631225586,,
1769004918,y1968,y1968,1968,,73903325,100,1.0,8307,1769004914,1,7.0,42.42430877685547,-71.09131622314453,96.0,
1769004918,y3288,y3288,3288,,73584459,60,1.0,1555,1769004914,2,16.0,42.33062744140625,-71.11788940429688,16.0,
1769004918,y2103,y2103,2103,,73870210,88,1.0,2582,1769004905,1,8.0,42.39540481567383,-71.12149810791016,135.0,
1769004918,G-10057,G-10057,3718-3845,,73220797,Green-C,0.0,70153,1769004822,0,120.0,42.34996032714844,-71.07791900634766,240.0,
1769004918,y1647,y1647,1647,,74214580,31,1.0,545,1769004914,2,12.0,42.29262924194336,-71.09607696533203,342.0,
1769004918,y3229,y3229,3229,,73583846,66,0.0,64000,1769004882,1,1.0,42.32917022705078,-71.08389282226562,315.0,
1769004918,1845,1845,1845,,BasewUpdatedWalpoleTurns-774201-1061,CR-Greenbush,0.0,MM-0079-S,1769004878,2,10.0,42.253231048583984,-71.00665283203125,142.0,11.199999809265137
1769004918,y3124,y3124,3124,,74071506,436,1.0,14586,1769004913,2,4.0,42.534934997558594,-70.95518493652344,173.0,
1769004918,y1705,y1705,1705,,74213462,40,1.0,630,1769004914,1,18.0,42.277034759521484,-71.1384506225586,44.0,
1769004918,G-10140,G-10140,3921-3920,,73220708,Green-C,1.0,70230,1769004884,1,220.0,42.339500427246094,-71.13475799560547,45.0,5.0
1769004918,y2043,y2043,2043,,73869781,77,0.0,2288,1769004912,1,28.0,42.42108154296875,-71.17108154296875,306.0,
1769004918,y1258,y1258,1258,,73767300,39,1.0,21317,1769004914,2,16.0,42.334877014160156,-71.10285949707031,71.0,
1769004918,y1340,y1340,1340,,73766066,741,0.0,74613,1769004914,2,3.0,42.348270416259766,-71.04252624511719,,
1769004918,y0764,y0764,0764,,74122459,230,0.0,3846,1769004913,1,6.0,42.24003982543945,-71.00332641601562,175.0,
1769004918,y0885,y0885,0885,,73583841,66,0.0,2565,1769004915,2,31.0,42.36882781982422,-71.12324523925781,32.0,
1769004918,y1855,y1855,1855,,73604191,23,1.0,17861,1769004905,2,31.0,42.33506774902344,-71.0897216796875,,
1769004918,y2042,y2042,2042,,73902804,104,1.0,56003,1769004912,2,19.0,42.39652633666992,-71.04627227783203,140.0,
1769004918,y1278,y1278,1278,,73767160,749,0.0,15176,1769004916,1,8.0,42.33698654174805,-71.07656860351562,208.0,
1769004918,y2028,y2028,2028,,73902052,93,0.0,117,1769004902,1,5.0,42.361576080322266,-71.05747985839844,,
1769004918,y0900,y0900,0900,,73584371,504,0.0,9983,1769004910,2,4.0,42.35074234008789,-71.06254577636719,192.0,
1769004918,1806,1806,1806,,Base-774592-27,CR-Newburyport,0.0,ER-0042-01,1769004883,2,10.0,42.401206970214844,-71.05603790283203,115.0,18.799999237060547
1769004918,y1318,y1318,1318,,73766693,743,0.0,74637,1769004907,2,6.0,42.387290954589844,-71.02327728271484,,
1769004918,ynk322,ynk322,322,,BL-35772253,Shuttle-Generic,,,1769004913,2,,42.33879089355469,-71.04418182373047,301.0,
1769004918,R-54876C61,R-54876C61,1862,,73850906,Red,1.0,70098,1769004911,0,40.0,42.2706413269043,-71.02464294433594,315.0,
1769004918,y1697,y1697,1697,,74213468,40,0.0,605,1769004914,1,12.0,42.27937316894531,-71.1358642578125,245.0,
1769004918,y1933,y1933,1933,,73869828,77,1.0,2300,1769004899,2,28.0,42.3907585144043,-71.12196350097656,135.0,
1769004918,y1619,y1619,1619,,74213370,36,1.0,640,1769004906,1,27.0,42.29273986816406,-71.12142944335938,45.0,
1769004918,y1720,y1720,1720,,73604045,1,1.0,62,1769004902,2,22.0,42.332679748535156,-71.08056640625,315.0,
1769004918,y3318,y3318,3318,,74071920,116,1.0,5709,1769004915,2,7.0,42.416725158691406,-71.00667572021484,274.0,
1769004918,O-54878E29,O-54878E29,1426,,73613653,Orange,1.0,70021,1769004878,1,100.0,42.35533142089844,-71.06059265136719,25.0,
1769004918,G-10049,G-10049,3649-3839,,73221047,Green-D,0.0,70502,1769004909,2,9.0,42.37517166137695,-71.08335876464844,305.0,6.699999809265137
1769004918,y1413,y1413,1413,,73909098,106,1.0,9003,1769004915,2,7.0,42.439491271972656,-71.04839324951172,87.0,
1769004918,y3202,y3202,3202,,73583795,10,1.0,10014,1769004854,2,26.0,42.33266830444336,-71.07176208496094,,
1769004918,y1786,y1786,1786,,73603602,47,0.0,1,1769004907,2,12.0,42.33020782470703,-71.08325958251953,352.0,
1769004918,y3319,y3319,3319,,74071369,119,0.0,45534,1769004908,2,28.0,42.4270133972168,-71.01380157470703,,
1769004918,y3277,y3277,3277,,73584498,4,1.0,243,1769004913,2,8.0,42.351097106933594,-71.04462432861328,,
1769004918,R-54878E15,R-54878E15,1942,,73846978,Red,1.0,70094,1769004153,1,50.0,42.28458023071289,-71.06376647949219,330.0,
1769004918,y1941,y1941,1941,,73868874,80,1.0,2699,1769004912,1,24.0,42.397438049316406,-71.10485076904297,119.0,
1769004918,y2085,y2085,2085,,73869633,70,1.0,72,1769004902,1,50.0,42.3648681640625,-71.10285949707031,135.0,
1769004918,y2036,y2036,2036,,73870479,73,1.0,2074,1769004912,2,22.0,42.37321472167969,-71.12255859375,120.0,
1769004918,y1319,y1319,1319,,73766169,746,0.0,74611,1769004911,1,1.0,42.35361862182617,-71.05303192138672,,
1769004918,y4216,y4216,4216,,73870674,71,1.0,2051,1769004913,2,5.0,42.36848449707031,-71.17607879638672,79.0,
1769004918,y2034,y2034,2034,,73901959,111,1.0,2829,1769004915,2,22.0,42.38780212402344,-71.04500579833984,220.0,
1769004918,y1863,y1863,1863,,73603330,16,0.0,121,1769004914,2,5.0,42.320526123046875,-71.04974365234375,302.0,
1769004918,y3344,y3344,3344,,74071214,435,0.0,4921,1769004913,2,30.0,42.51082992553711,-70.94831848144531,47.0,
1769004918,y1952,y1952,1952,,73902463,95,0.0,29008,1769004897,1,1.0,42.38412094116211,-71.07630920410156,180.0,
1769004918,y1901,y1901,1901,,73603082,23,1.0,457,1769004914,1,5.0,42.292301177978516,-71.07176208496094,3.0,
1769004918,y3271,y3271,3271,,73583760,65,1.0,1806,1769004913,2,25.0,42.34238052368164,-71.10364532470703,70.0,
1769004918,y3357,y3357,3357,,74071212,435,1.0,37150,1769004871,1,1.0,42.524688720703125,-70.89653015136719,90.0,
1769004918,ynk241,ynk241,241,,BL-30229248,Shuttle-Generic,,,1769004625,2,,42.337554931640625,-71.03677368164062,,
1769004918,y3133,y3133,3133,,73870621,73,1.0,2112,1769004908,2,11.0,42.37689971923828,-71.16413116455078,90.0,
1769004918,y1259,y1259,1259,,73767365,39,1.0,11389,1769004908,1,22.0,42.34495162963867,-71.08173370361328,45.0,
1769004918,y1256,y1256,1256,,73767280,39,1.0,6571,1769004915,1,10.0,42.3237190246582,-71.11214447021484,94.0,
1769004918,1856,1856,1856,,BasewUpdatedWalpoleTurns-772660-521,CR-Worcester,0.0,WML-0340-01,1769004875,2,150.0,42.266212463378906,-71.53382110595703,263.0,18.799999237060547
1769004918,1810,1810,1810,,BasewUpdatedWalpoleTurns-772902-1626,CR-Fairmount,1.0,DB-2249-02,1769004884,2,50.0,42.29827117919922,-71.07907104492188,,
1769004918,1864,1864,1864,,BasewUpdatedWalpoleTurns-772982-1972,CR-NewBedford,1.0,FRS-0054-S,1769004884,2,10.0,41.72135543823242,-71.14859771728516,46.0,18.799999237060547
1769004918,y3243,y3243,3243,,73583836,66,0.0,2560,1769004912,1,28.0,42.36294937133789,-71.12995147705078,35.0,
1769004918,y1982,y1982,1982,,73902379,106,0.0,5411,1769004908,1,9.0,42.41347122192383,-71.06346893310547,0.0,
1769004918,1703,1703,1703,,Base-772409-407,CR-Fitchburg,0.0,FR-0451-01,1769004878,2,140.0,42.53204345703125,-71.70610809326172,201.0,11.199999809265137
1769004918,y1787,y1787,1787,,73604066,1,1.0,80,1769004913,1,13.0,42.344200134277344,-71.08628845214844,,
1769004918,G-10094,G-10094,3642-3836,,73221252,Green-E,0.0,70247,1769004914,2,620.0,42.33768844604492,-71.09565734863281,225.0,5.099999904632568
1769004918,R-548788D6,R-548788D6,1870,,ADDED-1583474831,Red,1.0,70064,1769004889,0,210.0,42.39537811279297,-71.11943817138672,340.0,
1769004918,y2035,y2035,2035,,73870315,87,0.0,2620,1769004912,2,11.0,42.38383865356445,-71.10903930664062,286.0,
1769004918,y1850,y1850,1850,,73601824,1,0.0,188,1769004914,1,10.0,42.3421745300293,-71.08370971679688,323.0,
1769004918,y3127,y3127,3127,,74071872,116,0.0,5740,1769004899,1,1.0,42.369808197021484,-71.03903198242188,45.0,
1769004918,y1420,y1420,1420,,73907520,354,1.0,45003,1769004914,2,40.0,42.42439651489258,-71.1036148071289,182.0,
1769004918,y1975,y1975,1975,,73869210,74,0.0,76126,1769004900,1,1.0,42.37263488769531,-71.12190246582031,161.0,
1769004918,y1289,y1289,1289,,73765797,751,0.0,6555,1769004912,2,2.0,42.351112365722656,-71.0595474243164,186.0,
1769004918,y3154,y3154,3154,,73902239,109,0.0,76125,1769004871,1,1.0,42.37274169921875,-71.12303924560547,270.0,
1769004918,y2055,y2055,2055,,73870025,62,1.0,8640,1769004913,2,36.0,42.441795349121094,-71.21662902832031,130.0,
1769004918,y1264,y1264,1264,,73767256,39,1.0,10642,1769004914,1,1.0,42.29951095581055,-71.11431121826172,54.0,
1769004918,y1220,y1220,1220,,73766538,28,1.0,18511,1769004914,1,1.0,42.26704025268555,-71.09236145019531,84.0,
1769004918,y3102,y3102,3102,,74071887,116,0.0,5750,1769004914,1,12.0,42.39482116699219,-71.03047180175781,,
1769004918,y1763,y1763,1763,,73602502,22,0.0,424,1769004907,2,23.0,42.29115676879883,-71.07514953613281,,
1769004918,y1884,y1884,1884,,73601654,11,1.0,34,1769004912,2,3.0,42.33815383911133,-71.02721405029297,170.0,
1769004918,1857,1857,1857,,BasewUpdatedWalpoleTurns-774177-1016,CR-Kingston,1.0,MM-0023-S,1769004869,2,80.0,42.294864654541016,-71.04873657226562,320.0,8.899999618530273
1769004918,1831,1831,1831,,BasewUpdatedWalpoleTurns-772698-625,CR-Needham,0.0,NB-0109-S,1769004884,2,80.0,42.27998733520508,-71.16160583496094,222.0,8.5
1769004918,y1269,y1269,1269,,73766602,28,0.0,40001,1769004899,2,7.0,42.32931900024414,-71.08479309082031,225.0,
1769004918,y1889,y1889,1889,,73602734,16,0.0,875,1769004905,2,30.0,42.30146789550781,-71.11202239990234,,
